,Prediction
0,0
1,0
2,0
3,0
4,0
5,0
6,0
7,0
8,1
9,0
10,0
11,1
12,0
13,0
14,0
15,1
16,0
17,0
18,1
19,1
20,1
21,0
22,1
23,0
24,0
25,0
26,1
27,0
28,1
29,0
30,0
31,0
32,0
33,0
34,0
35,0
36,0
37,0
38,0
39,1
40,1
41,0
42,1
43,0
44,1
45,1
46,1
47,0
48,0
49,0
50,1
51,0
52,0
53,1
54,0
55,1
56,1
57,0
58,0
59,1
60,1
61,0
62,0
63,0
64,1
65,0
66,0
67,1
68,0
69,1
70,1
71,1
72,1
73,0
74,1
75,1
76,1
77,0
78,0
79,0
80,0
81,0
82,0
83,1
84,0
85,0
86,1
87,1
88,0
89,1
90,1
91,0
92,0
93,0
94,0
95,0
96,0
97,0
98,1
99,0
100,0
101,1
102,0
103,1
104,1
105,0
106,0
107,0
108,1
109,0
110,0
111,0
112,1
113,0
114,0
115,0
116,0
117,0
118,0
119,0
120,0
121,0
122,0
123,0
124,0
125,0
126,1
127,1
128,0
129,1
130,0
131,1
132,1
133,0
134,1
135,1
136,0
137,0
138,1
139,1
140,1
141,0
142,1
143,0
144,1
145,0
146,0
147,0
148,0
149,1
150,0
151,0
152,0
153,0
154,1
155,0
156,1
157,0
158,0
159,1
160,0
161,0
162,0
163,0
164,0
165,1
166,1
167,1
168,1
169,1
170,0
171,1
172,0
173,0
174,0
175,0
176,0
177,1
178,0
179,0
180,1
181,0
182,0
183,1
184,0
185,0
186,1
187,0
188,0
189,1
190,0
191,1
192,0
193,0
194,1
195,0
196,0
197,0
198,0
199,0
200,0
201,1
202,0
203,1
204,0
205,0
206,0
207,0
208,0
209,0
210,0
211,1
212,0
213,0
214,0
215,0
216,0
217,0
218,1
219,1
220,0
221,1
222,1
223,0
224,0
225,0
226,0
227,1
228,1
229,1
230,0
231,0
232,1
233,0
234,1
235,0
236,0
237,0
238,0
239,0
240,1
241,0
242,0
243,0
244,0
245,1
246,0
247,1
248,0
249,0
250,0
251,0
252,1
253,1
254,1
255,0
256,0
257,0
258,0
259,0
260,0
261,1
262,1
263,0
264,1
265,0
266,0
267,1
268,0
269,0
270,1
271,0
272,0
273,0
274,0
275,1
276,0
277,1
278,1
279,1
280,0
281,0
282,1
283,0
284,0
285,0
286,0
287,1
288,1
289,0
290,1
291,0
292,0
293,1
294,0
295,1
296,1
297,1
298,1
299,0
300,1
301,0
302,1
303,0
304,1
305,0
306,1
307,0
308,1
309,0
310,0
311,1
312,1
313,1
314,0
315,0
316,0
317,0
318,1
319,0
320,0
321,1
322,0
323,0
324,0
325,0
326,0
327,0
328,1
329,1
330,1
331,0
332,0
333,1
334,0
335,0
336,0
337,0
338,0
339,0
340,0
341,0
342,0
343,1
344,1
345,1
346,1
347,1
348,0
349,0
350,0
351,1
352,0
353,0
354,1
355,0
356,1
357,0
358,0
359,0
360,0
361,1
362,0
363,0
364,1
365,0
366,0
367,1
368,0
369,1
370,0
371,0
372,0
373,0
374,1
375,1
376,0
377,1
378,0
379,1
380,0
381,0
382,0
383,0
384,0
385,0
386,0
387,0
388,0
389,1
390,1
391,1
392,0
393,0
394,1
395,1
396,1
397,0
398,0
399,1
400,0
401,1
402,0
403,0
404,1
405,0
406,1
407,1
408,0
409,1
410,0
411,0
412,0
413,1
414,0
415,0
416,0
417,0
418,0
419,0
420,0
421,1
422,0
423,1
424,0
425,0
426,1
427,1
428,0
429,0
430,0
431,1
432,0
433,0
434,0
435,1
436,0
437,1
438,1
439,0
440,0
441,0
442,1
443,0
444,0
445,0
446,0
447,0
448,0
449,0
450,0
451,0
452,0
453,0
454,1
455,0
456,0
457,0
458,0
459,1
460,0
461,0
462,1
463,0
464,0
465,0
466,0
467,0
468,1
469,1
470,0
471,1
472,0
473,1
474,0
475,0
476,0
477,1
478,1
479,1
480,1
481,0
482,1
483,0
484,0
485,1
486,1
487,0
488,0
489,0
490,0
491,1
492,0
493,0
494,0
495,1
496,0
497,0
498,0
499,0
500,0
501,0
502,0
503,1
504,0
505,1
506,1
507,0
508,1
509,1
510,0
511,1
512,0
513,0
514,1
515,1
516,0
517,1
518,0
519,1
520,1
521,0
522,1
523,1
524,0
525,0
526,1
527,0
528,1
529,1
530,0
531,0
532,0
533,0
534,1
535,0
536,0
537,0
538,1
539,0
540,0
541,0
542,1
543,0
544,0
545,0
546,0
547,0
548,0
549,0
550,0
551,0
552,1
553,0
554,0
555,0
556,0
557,0
558,1
559,0
560,1
561,0
562,0
563,1
564,0
565,0
566,1
567,1
568,0
569,0
570,0
571,0
572,1
573,0
574,0
575,0
576,0
577,1
578,0
579,1
580,0
581,0
582,0
583,0
584,1
585,1
586,0
587,1
588,0
589,0
590,0
591,0
592,0
593,0
594,0
595,0
596,0
597,1
598,1
599,0
600,1
601,1
602,0
603,1
604,0
605,0
606,1
607,0
608,1
609,0
610,0
611,1
612,0
613,1
614,0
615,0
616,0
617,0
618,1
619,0
620,0
621,0
622,0
623,0
624,0
625,1
626,1
627,0
628,1
629,0
630,1
631,0
632,0
633,1
634,1
635,1
636,0
637,0
638,1
639,0
640,0
641,1
642,0
643,0
644,0
645,0
646,0
647,0
648,0
649,1
650,1
651,0
652,0
653,1
654,1
655,0
656,0
657,0
658,0
659,0
660,0
661,0
662,1
663,0
664,1
665,0
666,0
667,0
668,0
669,1
670,0
671,1
672,0
673,0
674,1
675,1
676,1
677,0
678,1
679,1
680,1
681,1
682,1
683,0
684,1
685,0
686,0
687,0
688,0
689,1
690,0
691,0
692,0
693,0
694,1
695,1
696,1
697,1
698,0
699,1
700,0
701,1
702,1
703,0
704,1
705,0
706,0
707,0
708,0
709,1
710,0
711,0
712,0
713,0
714,0
715,1
716,0
717,1
718,1
719,1
720,0
721,1
722,0
723,0
724,1
725,0
726,1
727,1
728,0
729,0
730,0
731,1
732,0
733,0
734,0
735,0
736,0
737,0
738,0
739,1
740,0
741,0
742,1
743,1
744,1
745,1
746,0
747,1
748,1
749,0
750,1
751,1
752,0
753,1
754,0
755,0
756,0
757,0
758,0
759,0
760,0
761,0
762,0
763,0
764,0
765,0
766,1
767,0
768,0
769,0
770,0
771,1
772,0
773,0
774,1
775,0
776,0
777,0
778,0
779,1
780,0
781,1
782,0
783,0
784,1
785,0
786,0
787,0
788,1
789,1
790,0
791,0
792,1
793,0
794,1
795,0
796,0
797,1
798,0
799,0
800,0
801,0
802,0
803,0
804,1
805,1
806,0
807,1
808,0
809,0
810,0
811,0
812,1
813,0
814,0
815,0
816,0
817,0
818,1
819,0
820,0
821,1
822,0
823,1
824,0
825,0
826,1
827,0
828,1
829,1
830,0
831,1
832,1
833,0
834,0
835,0
836,1
837,0
838,0
839,0
840,1
841,0
842,0
843,1
844,0
845,1
846,0
847,1
848,1
849,0
850,1
851,0
852,0
853,0
854,0
855,1
856,0
857,0
858,0
859,0
860,1
861,0
862,1
863,0
864,0
865,0
866,0
867,0
868,1
869,0
870,0
871,0
872,1
873,0
874,1
875,0
876,1
877,0
878,0
879,0
880,0
881,1
882,0
883,0
884,1
885,1
886,0
887,0
888,0
889,0
890,0
891,0
892,0
893,1
894,1
895,0
896,0
897,0
898,0
899,0
900,0
901,0
902,0
903,0
904,1
905,0
906,0
907,0
908,0
909,1
910,1
911,0
912,0
913,0
914,0
915,0
916,0
917,0
918,0
919,0
920,1
921,0
922,0
923,1
924,0
925,0
926,0
927,0
928,0
929,0
930,1
931,0
932,0
933,0
934,0
935,1
936,0
937,0
938,0
939,1
940,0
941,0
942,0
943,1
944,0
945,1
946,0
947,0
948,1
949,0
950,0
951,1
952,0
953,0
954,0
955,0
956,1
957,0
958,0
959,0
960,1
961,0
962,1
963,0
964,0
965,1
966,0
967,1
968,1
969,1
970,0
971,1
972,0
973,0
974,0
975,0
976,0
977,1
978,0
979,1
980,0
981,0
982,1
983,0
984,1
985,0
986,0
987,1
988,1
989,0
990,0
991,1
992,0
993,0
994,1
995,0
996,0
997,0
998,1
999,0
1000,0
1001,1
1002,1
1003,0
1004,0
1005,0
1006,1
1007,0
1008,0
1009,0
1010,0
1011,0
1012,0
1013,0
1014,0
1015,0
1016,0
1017,0
1018,1
1019,0
1020,1
1021,1
1022,0
1023,1
1024,0
1025,1
1026,1
1027,0
1028,0
1029,1
1030,0
1031,0
1032,0
1033,0
1034,0
1035,0
1036,0
1037,1
1038,0
1039,0
1040,0
1041,0
1042,1
1043,1
1044,0
1045,0
1046,1
1047,0
1048,0
1049,0
1050,0
1051,0
1052,0
1053,0
1054,0
1055,1
1056,0
1057,1
1058,0
1059,1
1060,1
1061,1
1062,1
1063,0
1064,0
1065,1
1066,0
1067,1
1068,1
1069,0
1070,1
1071,0
1072,0
1073,1
1074,1
1075,1
1076,0
1077,1
1078,0
1079,0
1080,1
1081,1
1082,0
1083,0
1084,0
1085,1
1086,0
1087,0
1088,1
1089,0
1090,0
1091,1
1092,0
1093,0
1094,1
1095,0
1096,1
1097,1
1098,0
1099,0
1100,0
1101,0
1102,0
1103,0
1104,0
1105,0
1106,0
1107,1
1108,0
1109,0
1110,0
1111,0
1112,0
1113,1
1114,0
1115,0
1116,0
1117,0
1118,1
1119,0
1120,0
1121,1
1122,0
1123,0
1124,1
1125,1
1126,1
1127,1
1128,0
1129,0
1130,0
1131,0
1132,0
1133,0
1134,0
1135,1
1136,1
1137,1
1138,1
1139,0
1140,1
1141,0
1142,1
1143,1
1144,1
1145,0
1146,0
1147,1
1148,1
1149,0
1150,0
1151,0
1152,0
1153,0
1154,0
1155,0
1156,0
1157,0
1158,0
1159,1
1160,0
1161,0
1162,1
1163,1
1164,0
1165,1
1166,0
1167,0
1168,1
1169,0
1170,0
1171,1
1172,0
1173,0
1174,1
1175,1
1176,0
1177,1
1178,0
1179,0
1180,1
1181,0
1182,0
1183,1
1184,0
1185,0
1186,0
1187,1
1188,1
1189,0
1190,0
1191,0
1192,0
1193,0
1194,0
1195,1
1196,0
1197,1
1198,1
1199,1
1200,1
1201,0
1202,1
1203,0
1204,1
1205,1
1206,0
1207,0
1208,0
1209,0
1210,0
1211,0
1212,1
1213,0
1214,1
1215,0
1216,0
1217,1
1218,1
1219,1
1220,1
1221,0
1222,1
1223,0
1224,0
1225,0
1226,1
1227,0
1228,0
1229,0
1230,0
1231,0
1232,1
1233,0
1234,0
1235,1
1236,1
1237,1
1238,1
1239,0
1240,1
1241,1
1242,0
1243,0
1244,0
1245,1
1246,0
1247,0
1248,0
1249,1
1250,1
1251,0
1252,0
1253,1
1254,1
1255,1
1256,1
1257,0
1258,0
1259,0
1260,1
1261,1
1262,0
1263,0
1264,1
1265,1
1266,0
1267,0
1268,1
1269,0
1270,0
1271,0
1272,0
1273,0
1274,0
1275,0
1276,0
1277,0
1278,0
1279,0
1280,1
1281,0
1282,0
1283,1
1284,0
1285,1
1286,1
1287,0
1288,0
1289,1
1290,0
1291,1
1292,0
1293,1
1294,0
1295,0
1296,1
1297,0
1298,1
1299,0
1300,0
1301,1
1302,0
1303,0
1304,0
1305,0
1306,0
1307,0
1308,0
1309,1
1310,0
1311,1
1312,0
1313,1
1314,0
1315,0
1316,0
1317,0
1318,0
1319,0
1320,0
1321,1
1322,0
1323,0
1324,0
1325,0
1326,1
1327,1
1328,1
1329,1
1330,0
1331,1
1332,1
1333,0
1334,0
1335,0
1336,0
1337,1
1338,1
1339,0
1340,1
1341,0
1342,1
1343,0
1344,0
1345,1
1346,0
1347,1
1348,0
1349,0
1350,0
1351,0
1352,0
1353,0
1354,0
1355,1
1356,0
1357,0
1358,0
1359,0
1360,1
1361,0
1362,1
1363,0
1364,0
1365,1
1366,0
1367,0
1368,0
1369,0
1370,0
1371,1
1372,0
1373,1
1374,1
1375,1
1376,1
1377,0
1378,0
1379,1
1380,0
1381,1
1382,0
1383,0
1384,0
1385,0
1386,1
1387,0
1388,0
1389,1
1390,0
1391,1
1392,0
1393,0
1394,0
1395,0
1396,0
1397,1
1398,1
1399,1
1400,0
1401,0
1402,0
1403,0
1404,0
1405,1
1406,0
1407,0
1408,1
1409,0
1410,0
1411,1
1412,0
1413,1
1414,0
1415,0
1416,1
1417,0
1418,0
1419,1
1420,0
1421,0
1422,0
1423,0
1424,1
1425,0
1426,1
1427,1
1428,1
1429,1
1430,0
1431,1
1432,1
1433,0
1434,1
1435,0
1436,0
1437,0
1438,0
1439,1
1440,1
1441,0
1442,0
1443,0
1444,0
1445,0
1446,1
1447,0
1448,0
1449,0
1450,0
1451,0
1452,0
1453,1
1454,0
1455,1
1456,0
1457,0
1458,0
1459,0
1460,0
1461,0
1462,0
1463,1
1464,0
1465,0
1466,1
1467,0
1468,0
1469,0
1470,0
1471,0
1472,0
1473,0
1474,0
1475,0
1476,0
1477,1
1478,0
1479,0
1480,1
1481,0
1482,0
1483,1
1484,0
1485,0
1486,0
1487,0
1488,0
1489,0
1490,0
1491,0
1492,0
1493,1
1494,0
1495,0
1496,0
1497,0
1498,0
1499,0
1500,0
1501,0
1502,1
1503,0
1504,1
1505,1
1506,0
1507,1
1508,0
1509,0
1510,0
1511,0
1512,1
1513,1
1514,0
1515,1
1516,0
1517,0
1518,0
1519,0
1520,0
1521,0
1522,0
1523,1
1524,0
1525,0
1526,0
1527,0
1528,0
1529,0
1530,0
1531,1
1532,0
1533,1
1534,0
1535,0
1536,0
1537,0
1538,0
1539,0
1540,0
1541,1
1542,0
1543,0
1544,1
1545,0
1546,1
1547,0
1548,0
1549,1
1550,0
1551,1
1552,0
1553,0
1554,1
1555,0
1556,0
1557,0
1558,1
1559,0
1560,1
1561,0
1562,0
1563,0
1564,1
1565,1
1566,0
1567,0
1568,1
1569,0
1570,0
1571,0
1572,0
1573,1
1574,0
1575,0
1576,0
1577,0
1578,0
1579,0
1580,0
1581,0
1582,0
1583,1
1584,1
1585,1
1586,0
1587,1
1588,0
1589,0
1590,1
1591,1
1592,1
1593,1
1594,0
1595,0
1596,1
1597,0
1598,1
1599,0
1600,0
1601,1
1602,0
1603,0
1604,1
1605,0
1606,0
1607,0
1608,0
1609,0
1610,0
1611,0
1612,0
1613,0
1614,0
1615,0
1616,0
1617,1
1618,1
1619,1
1620,0
1621,0
1622,0
1623,0
1624,0
1625,0
1626,0
1627,0
1628,1
1629,0
1630,0
1631,0
1632,0
1633,0
1634,1
1635,0
1636,1
1637,0
1638,1
1639,1
1640,0
1641,0
1642,0
1643,0
1644,0
1645,0
1646,1
1647,0
1648,0
1649,0
1650,1
1651,0
1652,0
1653,0
1654,0
1655,1
1656,1
1657,1
1658,1
1659,0
1660,0
1661,1
1662,1
1663,1
1664,1
1665,1
1666,1
1667,1
1668,0
1669,1
1670,0
1671,0
1672,1
1673,0
1674,1
1675,1
1676,0
1677,1
1678,0
1679,0
1680,1
1681,0
1682,0
1683,0
1684,0
1685,1
1686,1
1687,0
1688,1
1689,0
1690,1
1691,0
1692,0
1693,0
1694,0
1695,1
1696,0
1697,0
1698,1
1699,0
1700,0
1701,0
1702,0
1703,0
1704,0
1705,0
1706,0
1707,0
1708,0
1709,0
1710,1
1711,1
1712,0
1713,0
1714,0
1715,1
1716,0
1717,0
1718,0
1719,0
1720,0
1721,0
1722,0
1723,1
1724,0
1725,0
1726,1
1727,0
1728,1
1729,0
1730,0
1731,1
1732,0
1733,0
1734,0
1735,1
1736,0
1737,1
1738,0
1739,0
1740,1
1741,0
1742,0
1743,1
1744,0
1745,0
1746,0
1747,0
1748,0
1749,0
1750,1
1751,0
1752,1
1753,0
1754,0
1755,0
1756,0
1757,1
1758,0
1759,0
1760,0
1761,0
1762,0
1763,0
1764,0
1765,0
1766,0
1767,0
1768,1
1769,0
1770,1
1771,0
1772,1
1773,0
1774,0
1775,0
1776,0
1777,1
1778,1
1779,1
1780,0
1781,1
1782,1
1783,0
1784,1
1785,1
1786,0
1787,1
1788,0
1789,0
1790,1
1791,0
1792,1
1793,0
1794,0
1795,0
1796,1
1797,0
1798,0
1799,0
1800,0
1801,0
1802,0
1803,1
1804,1
1805,0
1806,0
1807,1
1808,0
1809,0
1810,1
1811,0
1812,0
1813,0
1814,1
1815,0
1816,0
1817,1
1818,0
1819,1
1820,0
1821,0
1822,1
1823,0
1824,0
1825,0
1826,1
1827,0
1828,1
1829,0
1830,0
1831,0
1832,1
1833,1
1834,1
1835,0
1836,0
1837,0
1838,1
1839,0
1840,1
1841,0
1842,0
1843,1
1844,0
1845,0
1846,1
1847,0
1848,0
1849,1
1850,0
1851,1
1852,1
1853,0
1854,1
1855,1
1856,0
1857,1
1858,1
1859,0
1860,0
1861,0
1862,1
1863,1
1864,0
1865,0
1866,0
1867,0
1868,0
1869,1
1870,0
1871,0
1872,0
1873,1
1874,0
1875,1
1876,0
1877,0
1878,0
1879,0
1880,1
1881,0
1882,0
1883,1
1884,0
1885,1
1886,0
1887,1
1888,1
1889,1
1890,1
1891,0
1892,0
1893,0
1894,0
1895,1
1896,0
1897,1
1898,0
1899,1
1900,0
1901,1
1902,1
1903,0
1904,1
1905,0
1906,0
1907,0
1908,0
1909,0
1910,0
1911,0
1912,0
1913,0
1914,0
1915,0
1916,0
1917,0
1918,0
1919,0
1920,0
1921,0
1922,0
1923,0
1924,0
1925,0
1926,0
1927,1
1928,0
1929,1
1930,1
1931,0
1932,1
1933,1
1934,1
1935,1
1936,0
1937,0
1938,0
1939,1
1940,0
1941,0
1942,1
1943,0
1944,0
1945,0
1946,0
1947,1
1948,0
1949,0
1950,0
1951,0
1952,0
1953,0
1954,1
1955,1
1956,0
1957,1
1958,0
1959,1
1960,1
1961,1
1962,0
1963,1
1964,1
1965,1
1966,1
1967,0
1968,1
1969,1
1970,0
1971,0
1972,1
1973,1
1974,0
1975,1
1976,0
1977,0
1978,1
1979,1
1980,0
1981,1
1982,0
1983,1
1984,1
1985,0
1986,1
1987,0
1988,0
1989,1
1990,1
1991,1
1992,0
1993,0
1994,0
1995,0
1996,0
1997,0
1998,0
1999,1
2000,1
2001,0
2002,1
2003,0
2004,0
2005,1
2006,1
2007,1
2008,0
2009,0
2010,1
2011,0
2012,0
2013,0
2014,1
2015,0
2016,1
2017,0
2018,0
2019,0
2020,0
2021,0
2022,0
2023,0
2024,1
2025,0
2026,0
2027,0
2028,1
2029,0
2030,0
2031,0
2032,0
2033,0
2034,1
2035,1
2036,0
2037,1
2038,0
2039,1
2040,1
2041,0
2042,0
2043,0
2044,1
2045,1
2046,0
2047,0
2048,1
2049,0
2050,1
2051,1
2052,0
2053,1
2054,0
2055,0
2056,0
2057,1
2058,0
2059,0
2060,0
2061,1
2062,0
2063,1
2064,1
2065,1
2066,1
2067,0
2068,1
2069,1
2070,0
2071,1
2072,0
2073,1
2074,0
2075,1
2076,0
2077,0
2078,1
2079,0
2080,0
2081,0
2082,0
2083,1
2084,0
2085,0
2086,0
2087,1
2088,1
2089,1
2090,1
2091,1
2092,0
2093,1
2094,1
2095,0
2096,0
2097,0
2098,0
2099,0
2100,0
2101,0
2102,0
2103,0
2104,1
2105,0
2106,0
2107,0
2108,1
2109,1
2110,0
2111,0
2112,0
2113,0
2114,1
2115,0
2116,1
2117,1
2118,0
2119,1
2120,0
2121,1
2122,0
2123,0
2124,0
2125,0
2126,1
2127,0
2128,0
2129,1
2130,0
2131,1
2132,1
2133,0
2134,0
2135,0
2136,0
2137,1
2138,0
2139,1
2140,1
2141,0
2142,0
2143,0
2144,0
2145,1
2146,0
2147,0
2148,0
2149,0
2150,0
2151,0
2152,1
2153,0
2154,0
2155,1
2156,1
2157,0
2158,0
2159,1
2160,0
2161,1
2162,0
2163,1
2164,0
2165,0
2166,0
2167,1
2168,0
2169,1
2170,1
2171,0
2172,0
2173,1
2174,0
2175,1
2176,1
2177,0
2178,1
2179,0
2180,1
2181,1
2182,1
2183,1
2184,0
2185,0
2186,0
2187,0
2188,0
2189,0
2190,0
2191,0
2192,0
2193,0
2194,0
2195,0
2196,0
2197,0
2198,0
2199,1
2200,0
2201,0
2202,0
2203,1
2204,0
2205,1
2206,0
2207,1
2208,0
2209,0
2210,1
2211,0
2212,0
2213,0
2214,0
2215,1
2216,0
2217,0
2218,1
2219,0
2220,1
2221,0
2222,1
2223,1
2224,0
2225,0
2226,1
2227,0
2228,1
2229,0
2230,0
2231,1
2232,1
2233,1
2234,0
2235,1
2236,0
2237,1
2238,0
2239,0
2240,0
2241,0
2242,1
2243,1
2244,0
2245,1
2246,1
2247,1
2248,1
2249,0
2250,0
2251,1
2252,0
2253,1
2254,0
2255,1
2256,0
2257,0
2258,0
2259,1
2260,0
2261,0
2262,0
2263,1
2264,0
2265,0
2266,0
2267,0
2268,0
2269,0
2270,1
2271,0
2272,1
2273,1
2274,0
2275,1
2276,0
2277,1
2278,1
2279,0
2280,1
2281,1
2282,0
2283,0
2284,1
2285,1
2286,1
2287,0
2288,1
2289,0
2290,0
2291,0
2292,1
2293,0
2294,0
2295,1
2296,0
2297,0
2298,0
2299,0
2300,1
2301,0
2302,1
2303,1
2304,0
2305,1
2306,0
2307,0
2308,1
2309,0
2310,1
2311,1
2312,0
2313,1
2314,0
2315,1
2316,1
2317,0
2318,1
2319,0
2320,1
2321,1
2322,0
2323,1
2324,0
2325,1
2326,0
2327,0
2328,0
2329,0
2330,0
2331,0
2332,0
2333,1
2334,0
2335,1
2336,1
2337,0
2338,0
2339,0
2340,0
2341,1
2342,0
2343,1
2344,0
2345,0
2346,1
2347,0
2348,0
2349,1
2350,0
2351,1
2352,1
2353,0
2354,1
2355,0
2356,1
2357,1
2358,1
2359,0
2360,1
2361,0
2362,0
2363,1
2364,0
2365,0
2366,1
2367,0
2368,1
2369,0
2370,0
2371,1
2372,0
2373,1
2374,1
2375,0
2376,0
2377,1
2378,0
2379,1
2380,1
2381,1
2382,1
2383,1
2384,1
2385,1
2386,1
2387,0
2388,1
2389,1
2390,0
2391,0
2392,0
2393,0
2394,0
2395,1
2396,0
2397,1
2398,0
2399,0
2400,1
2401,0
2402,1
2403,1
2404,1
2405,1
2406,0
2407,1
2408,0
2409,0
2410,0
2411,1
2412,0
2413,1
2414,0
2415,0
2416,1
2417,0
2418,0
2419,0
2420,1
2421,1
2422,1
2423,1
2424,1
2425,0
2426,0
2427,1
2428,0
2429,0
2430,1
2431,1
2432,0
2433,1
2434,0
2435,0
2436,0
2437,1
2438,0
2439,0
2440,0
2441,0
2442,0
2443,0
2444,0
2445,0
2446,0
2447,0
2448,0
2449,0
2450,0
2451,1
2452,1
2453,0
2454,1
2455,0
2456,1
2457,1
2458,0
2459,0
2460,1
2461,0
2462,0
2463,0
2464,0
2465,0
2466,1
2467,0
2468,0
2469,0
2470,0
2471,1
2472,0
2473,0
2474,1
2475,0
2476,0
2477,1
2478,0
2479,1
2480,1
2481,1
2482,0
2483,0
2484,0
2485,1
2486,0
2487,0
2488,1
2489,1
2490,0
2491,0
2492,0
2493,1
2494,0
2495,1
2496,0
2497,0
2498,0
2499,0
2500,0
2501,0
2502,0
2503,0
2504,0
2505,0
2506,1
2507,0
2508,1
2509,1
2510,0
2511,1
2512,0
2513,1
2514,1
2515,0
2516,1
2517,0
2518,0
2519,0
2520,0
2521,1
2522,1
2523,0
2524,1
2525,1
2526,0
2527,0
2528,1
2529,0
2530,0
2531,0
2532,0
2533,0
2534,1
2535,0
2536,1
2537,0
2538,1
2539,0
2540,1
2541,0
2542,1
2543,1
2544,0
2545,0
2546,1
2547,0
2548,0
2549,1
2550,1
2551,0
2552,1
2553,0
2554,1
2555,1
2556,0
2557,0
2558,1
2559,0
2560,0
2561,1
2562,1
2563,0
2564,0
2565,1
2566,1
2567,0
2568,0
2569,0
2570,0
2571,0
2572,0
2573,0
2574,0
2575,1
2576,1
2577,0
2578,0
2579,1
2580,0
2581,0
2582,0
2583,0
2584,1
2585,0
2586,0
2587,1
2588,1
2589,1
2590,0
2591,0
2592,0
2593,0
2594,0
2595,0
2596,0
2597,1
2598,0
2599,0
2600,1
2601,1
2602,1
2603,1
2604,1
2605,0
2606,0
2607,0
2608,1
2609,0
2610,0
2611,1
2612,0
2613,0
2614,0
2615,0
2616,1
2617,0
2618,1
2619,0
2620,1
2621,0
2622,0
2623,1
2624,0
2625,1
2626,1
2627,0
2628,1
2629,0
2630,0
2631,1
2632,0
2633,1
2634,0
2635,0
2636,1
2637,0
2638,1
2639,0
2640,0
2641,1
2642,0
2643,1
2644,0
2645,0
2646,1
2647,0
2648,0
2649,0
2650,0
2651,0
2652,1
2653,0
2654,0
2655,0
2656,0
2657,0
2658,0
2659,0
2660,0
2661,1
2662,0
2663,0
2664,0
2665,0
2666,0
2667,0
2668,0
2669,1
2670,1
2671,0
2672,0
2673,1
2674,1
2675,0
2676,0
2677,0
2678,0
2679,0
2680,0
2681,0
2682,1
2683,0
2684,0
2685,0
2686,1
2687,1
2688,0
2689,0
2690,1
2691,0
2692,1
2693,1
2694,0
2695,1
2696,0
2697,1
2698,1
2699,1
2700,0
2701,1
2702,0
2703,1
2704,1
2705,0
2706,1
2707,0
2708,1
2709,0
2710,0
2711,1
2712,0
2713,1
2714,0
2715,1
2716,0
2717,0
2718,0
2719,0
2720,1
2721,1
2722,0
2723,1
2724,0
2725,1
2726,1
2727,0
2728,1
2729,0
2730,1
2731,0
2732,1
2733,0
2734,0
2735,0
2736,0
2737,1
2738,0
2739,0
2740,1
2741,0
2742,0
2743,1
2744,0
2745,0
2746,0
2747,0
2748,1
2749,0
2750,1
2751,1
2752,1
2753,0
2754,1
2755,1
2756,1
2757,0
2758,0
2759,0
2760,0
2761,0
2762,0
2763,1
2764,0
2765,0
2766,0
2767,1
2768,0
2769,0
2770,1
2771,0
2772,0
2773,0
2774,0
2775,0
2776,1
2777,0
2778,0
2779,0
2780,0
2781,1
2782,0
2783,0
2784,1
2785,0
2786,1
2787,0
2788,1
2789,0
2790,0
2791,1
2792,1
2793,1
2794,0
2795,1
2796,0
2797,1
2798,1
2799,0
2800,0
2801,0
2802,0
2803,0
2804,0
2805,1
2806,0
2807,0
2808,1
2809,0
2810,0
2811,0
2812,0
2813,0
2814,1
2815,0
2816,0
2817,0
2818,0
2819,1
2820,1
2821,1
2822,0
2823,1
2824,0
2825,1
2826,0
2827,0
2828,0
2829,0
2830,0
2831,0
2832,0
2833,0
2834,1
2835,0
2836,1
2837,0
2838,1
2839,1
2840,0
2841,1
2842,1
2843,0
2844,0
2845,0
2846,1
2847,0
2848,0
2849,1
2850,0
2851,0
2852,0
2853,1
2854,1
2855,0
2856,0
2857,0
2858,0
2859,0
2860,1
2861,0
2862,0
2863,0
2864,0
2865,0
2866,1
2867,1
2868,1
2869,1
2870,0
2871,0
2872,1
2873,1
2874,0
2875,0
2876,0
2877,1
2878,0
2879,1
2880,0
2881,1
2882,1
2883,1
2884,0
2885,1
2886,0
2887,0
2888,0
2889,0
2890,0
2891,1
2892,0
2893,0
2894,0
2895,1
2896,0
2897,1
2898,1
2899,0
2900,1
2901,0
2902,0
2903,0
2904,0
2905,1
2906,0
2907,1
2908,0
2909,1
2910,0
2911,1
2912,0
2913,0
2914,0
2915,0
2916,0
2917,1
2918,1
2919,1
2920,1
2921,0
2922,1
2923,1
2924,0
2925,1
2926,0
2927,1
2928,1
2929,0
2930,0
2931,1
2932,0
2933,1
2934,0
2935,0
2936,0
2937,0
2938,1
2939,1
2940,1
2941,0
2942,1
2943,0
2944,0
2945,1
2946,0
2947,1
2948,1
2949,0
2950,1
2951,0
2952,0
2953,0
2954,0
2955,1
2956,0
2957,0
2958,0
2959,0
2960,0
2961,1
2962,1
2963,1
2964,0
2965,1
2966,1
2967,1
2968,1
2969,1
2970,0
2971,0
2972,0
2973,0
2974,0
2975,1
2976,0
2977,0
2978,0
2979,0
2980,0
2981,0
2982,0
2983,0
2984,0
2985,0
2986,1
2987,0
2988,1
2989,0
2990,0
2991,1
2992,0
2993,1
2994,0
2995,0
2996,1
2997,0
2998,0
2999,0
3000,0
3001,1
3002,0
3003,0
3004,1
3005,1
3006,1
3007,0
3008,0
3009,1
3010,0
3011,0
3012,1
3013,0
3014,1
3015,0
3016,1
3017,1
3018,0
3019,1
3020,1
3021,0
3022,1
3023,0
3024,1
3025,1
3026,0
3027,0
3028,1
3029,1
3030,0
3031,0
3032,1
3033,0
3034,0
3035,0
3036,0
3037,0
3038,0
3039,1
3040,0
3041,0
3042,1
3043,0
3044,0
3045,1
3046,0
3047,0
3048,1
3049,0
3050,1
3051,0
3052,0
3053,1
3054,0
3055,0
3056,1
3057,1
3058,1
3059,0
3060,1
3061,0
3062,1
3063,0
3064,0
3065,1
3066,1
3067,0
3068,1
3069,0
3070,1
3071,1
3072,0
3073,0
3074,1
3075,0
3076,1
3077,0
3078,0
3079,0
3080,1
3081,1
3082,1
3083,0
3084,0
3085,1
3086,0
3087,1
3088,1
3089,0
3090,0
3091,0
3092,1
3093,0
3094,0
3095,0
3096,1
3097,0
3098,1
3099,0
3100,0
3101,0
3102,0
3103,0
3104,0
3105,0
3106,0
3107,1
3108,0
3109,0
3110,0
3111,1
3112,1
3113,1
3114,0
3115,1
3116,1
3117,0
3118,1
3119,0
3120,0
3121,1
3122,0
3123,1
3124,1
3125,0
3126,0
3127,0
3128,0
3129,1
3130,1
3131,0
3132,0
3133,0
3134,1
3135,1
3136,0
3137,0
3138,0
3139,0
3140,1
3141,0
3142,0
3143,0
3144,1
3145,0
3146,0
3147,0
3148,0
3149,0
3150,0
3151,0
3152,0
3153,1
3154,1
3155,0
3156,0
3157,0
3158,0
3159,1
3160,1
3161,0
3162,1
3163,1
3164,0
3165,0
3166,0
3167,0
3168,0
3169,0
3170,0
3171,0
3172,0
3173,1
3174,0
3175,0
3176,0
3177,0
3178,0
3179,1
3180,0
3181,0
3182,0
3183,0
3184,0
3185,0
3186,1
3187,0
3188,0
3189,1
3190,0
3191,0
3192,1
3193,0
3194,1
3195,0
3196,0
3197,1
3198,0
3199,0
3200,1
3201,1
3202,0
3203,1
3204,0
3205,1
3206,0
3207,0
3208,1
3209,0
3210,0
3211,0
3212,0
3213,1
3214,0
3215,0
3216,0
3217,0
3218,1
3219,0
3220,0
3221,0
3222,0
3223,0
3224,0
3225,0
3226,1
3227,1
3228,0
3229,0
3230,0
3231,1
3232,0
3233,0
3234,0
3235,0
3236,0
3237,0
3238,0
3239,0
3240,0
3241,0
3242,0
3243,1
3244,0
3245,0
3246,1
3247,0
3248,1
3249,0
3250,0
3251,1
3252,0
3253,1
3254,0
3255,0
3256,1
3257,1
3258,0
3259,1
3260,1
3261,0
3262,1
3263,0
3264,1
3265,1
3266,0
3267,0
3268,1
3269,1
3270,0
3271,0
3272,1
3273,1
3274,0
3275,0
3276,1
3277,0
3278,0
3279,1
3280,0
3281,1
3282,0
3283,0
3284,0
3285,0
3286,0
3287,1
3288,0
3289,1
3290,0
3291,0
3292,0
3293,1
3294,1
3295,1
3296,1
3297,0
3298,1
3299,0
3300,1
3301,1
3302,1
3303,1
3304,0
3305,1
3306,1
3307,1
3308,1
3309,0
3310,1
3311,0
3312,0
3313,1
3314,0
3315,1
3316,0
3317,0
3318,0
3319,0
3320,1
3321,1
3322,0
3323,0
3324,1
3325,0
3326,1
3327,0
3328,0
3329,1
3330,0
3331,1
3332,0
3333,0
3334,1
3335,0
3336,0
3337,0
3338,0
3339,1
3340,0
3341,0
3342,0
3343,0
3344,0
3345,0
3346,0
3347,1
3348,0
3349,1
3350,1
3351,0
3352,0
3353,0
3354,0
3355,1
3356,0
3357,0
3358,1
3359,0
3360,1
3361,0
3362,0
3363,1
3364,0
3365,1
3366,1
3367,0
3368,1
3369,0
3370,0
3371,1
3372,0
3373,0
3374,1
3375,0
3376,0
3377,0
3378,0
3379,1
3380,1
3381,1
3382,0
3383,1
3384,0
3385,0
3386,1
3387,0
3388,0
3389,0
3390,0
3391,1
3392,0
3393,0
3394,0
3395,0
3396,1
3397,0
3398,0
3399,0
3400,0
3401,0
3402,0
3403,0
3404,0
3405,0
3406,1
3407,0
3408,1
3409,0
3410,1
3411,1
3412,0
3413,0
3414,1
3415,0
3416,1
3417,0
3418,0
3419,1
3420,0
3421,0
3422,0
3423,1
3424,0
3425,1
3426,0
3427,1
3428,0
3429,0
3430,1
3431,0
3432,0
3433,0
3434,0
3435,1
3436,0
3437,0
3438,0
3439,0
3440,0
3441,0
3442,1
3443,1
3444,0
3445,0
3446,1
3447,0
3448,0
3449,0
3450,0
3451,1
3452,0
3453,1
3454,0
3455,0
3456,0
3457,0
3458,1
3459,0
3460,0
3461,1
3462,0
3463,0
3464,0
3465,1
3466,1
3467,1
3468,0
3469,0
3470,0
3471,1
3472,0
3473,0
3474,0
3475,0
3476,0
3477,0
3478,0
3479,1
3480,0
3481,1
3482,1
3483,0
3484,0
3485,1
3486,0
3487,0
3488,0
3489,1
3490,1
3491,0
3492,0
3493,1
3494,0
3495,0
3496,1
3497,1
3498,1
3499,0
3500,0
3501,0
3502,0
3503,1
3504,0
3505,0
3506,1
3507,0
3508,0
3509,0
3510,0
3511,0
3512,0
3513,0
3514,1
3515,0
3516,0
3517,1
3518,1
3519,0
3520,0
3521,0
3522,0
3523,0
3524,0
3525,1
3526,1
3527,1
3528,1
3529,1
3530,0
3531,1
3532,1
3533,0
3534,1
3535,0
3536,0
3537,1
3538,0
3539,1
3540,0
3541,1
3542,1
3543,0
3544,1
3545,0
3546,0
3547,0
3548,0
3549,0
3550,0
3551,0
3552,1
3553,0
3554,0
3555,0
3556,1
3557,0
3558,1
3559,0
3560,1
3561,0
3562,0
3563,0
3564,1
3565,0
3566,0
3567,1
3568,1
3569,0
3570,0
3571,0
3572,1
3573,0
3574,0
3575,0
3576,1
3577,0
3578,0
3579,0
3580,1
3581,0
3582,1
3583,0
3584,0
3585,1
3586,0
3587,1
3588,0
3589,0
3590,0
3591,0
3592,0
3593,1
3594,0
3595,0
3596,1
3597,0
3598,0
3599,0
3600,0
3601,0
3602,1
3603,1
3604,0
3605,0
3606,0
3607,0
3608,1
3609,1
3610,0
3611,1
3612,1
3613,0
3614,0
3615,0
3616,1
3617,0
3618,1
3619,0
3620,0
3621,1
3622,0
3623,0
3624,0
3625,1
3626,0
3627,0
3628,0
3629,0
3630,1
3631,0
3632,0
3633,0
3634,1
3635,1
3636,0
3637,1
3638,0
3639,1
3640,1
3641,0
3642,1
3643,0
3644,1
3645,1
3646,0
3647,0
3648,0
3649,0
3650,0
3651,0
3652,1
3653,0
3654,1
3655,0
3656,1
3657,0
3658,1
3659,0
3660,0
3661,0
3662,1
3663,0
3664,1
3665,1
3666,1
3667,0
3668,0
3669,1
3670,0
3671,0
3672,1
3673,0
3674,0
3675,1
3676,0
3677,1
3678,1
3679,1
3680,0
3681,1
3682,0
3683,0
3684,1
3685,0
3686,0
3687,1
3688,0
3689,0
3690,0
3691,0
3692,1
3693,0
3694,0
3695,0
3696,0
3697,0
3698,0
3699,1
3700,1
3701,0
3702,1
3703,1
3704,0
3705,1
3706,0
3707,1
3708,0
3709,1
3710,1
3711,0
3712,1
3713,0
3714,0
3715,1
3716,0
3717,1
3718,0
3719,1
3720,1
3721,0
3722,0
3723,1
3724,0
3725,1
3726,0
3727,0
3728,0
3729,0
3730,0
3731,1
3732,1
3733,1
3734,0
3735,0
3736,0
3737,1
3738,0
3739,0
3740,1
3741,0
3742,1
3743,0
3744,0
3745,0
3746,0
3747,0
3748,1
3749,0
3750,0
3751,0
3752,0
3753,0
3754,0
3755,0
3756,0
3757,0
3758,1
3759,1
3760,0
3761,1
3762,1
3763,0
3764,1
3765,0
3766,0
3767,1
3768,1
3769,0
3770,0
3771,0
3772,1
3773,1
3774,0
3775,0
3776,0
3777,0
3778,1
3779,0
3780,1
3781,0
3782,0
3783,1
3784,0
3785,0
3786,0
3787,0
3788,0
3789,0
3790,0
3791,0
3792,0
3793,0
3794,0
3795,0
3796,0
3797,0
3798,0
3799,1
3800,1
3801,1
3802,0
3803,0
3804,0
3805,0
3806,0
3807,1
3808,0
3809,1
3810,1
3811,0
3812,1
3813,1
3814,0
3815,0
3816,0
3817,0
3818,0
3819,0
3820,0
3821,1
3822,0
3823,1
3824,0
3825,1
3826,0
3827,0
3828,0
3829,1
3830,1
3831,0
3832,0
3833,1
3834,0
3835,0
3836,1
3837,0
3838,1
3839,1
3840,0
3841,1
3842,0
3843,0
3844,0
3845,0
3846,1
3847,0
3848,1
3849,1
3850,0
3851,0
3852,1
3853,0
3854,0
3855,0
3856,1
3857,0
3858,1
3859,0
3860,0
3861,1
3862,0
3863,0
3864,0
3865,0
3866,0
3867,1
3868,0
3869,0
3870,0
3871,0
3872,0
3873,1
3874,1
3875,0
3876,0
3877,0
3878,0
3879,0
3880,1
3881,0
3882,1
3883,0
3884,0
3885,1
3886,0
3887,0
3888,1
3889,0
3890,1
3891,0
3892,0
3893,0
3894,0
3895,1
3896,0
3897,0
3898,0
3899,1
3900,0
3901,0
3902,0
3903,0
3904,1
3905,0
3906,0
3907,1
3908,0
3909,0
3910,0
3911,0
3912,1
3913,0
3914,0
3915,0
3916,0
3917,1
3918,0
3919,0
3920,0
3921,1
3922,0
3923,0
3924,0
3925,0
3926,0
3927,0
3928,0
3929,0
3930,1
3931,0
3932,0
3933,1
3934,0
3935,0
3936,1
3937,0
3938,1
3939,0
3940,1
3941,0
3942,1
3943,1
3944,0
3945,1
3946,1
3947,0
3948,1
3949,0
3950,1
3951,1
3952,0
3953,0
3954,0
3955,0
3956,0
3957,1
3958,0
3959,1
3960,0
3961,0
3962,1
3963,0
3964,0
3965,0
3966,0
3967,0
3968,0
3969,1
3970,1
3971,0
3972,0
3973,0
3974,1
3975,0
3976,0
3977,1
3978,1
3979,0
3980,0
3981,1
3982,0
3983,1
3984,0
3985,0
3986,0
3987,1
3988,0
3989,0
3990,0
3991,1
3992,1
3993,0
3994,0
3995,1
3996,0
3997,1
3998,0
3999,0
4000,0
4001,0
4002,0
4003,0
4004,0
4005,0
4006,1
4007,0
4008,1
4009,1
4010,0
4011,1
4012,0
4013,0
4014,0
4015,0
4016,0
4017,0
4018,0
4019,1
4020,1
4021,0
4022,0
4023,1
4024,0
4025,0
4026,0
4027,0
4028,0
4029,0
4030,0
4031,0
4032,0
4033,0
4034,0
4035,1
4036,0
4037,0
4038,1
4039,0
4040,1
4041,0
4042,1
4043,0
4044,0
4045,0
4046,1
4047,1
4048,0
4049,0
4050,1
4051,0
4052,0
4053,0
4054,1
4055,0
4056,0
4057,1
4058,1
4059,1
4060,1
4061,0
4062,0
4063,0
4064,0
4065,0
4066,0
4067,0
4068,0
4069,0
4070,0
4071,0
4072,1
4073,1
4074,0
4075,0
4076,0
4077,0
4078,1
4079,0
4080,0
4081,1
4082,0
4083,1
4084,1
4085,0
4086,1
4087,0
4088,1
4089,1
4090,0
4091,0
4092,0
4093,1
4094,1
4095,0
4096,1
4097,0
4098,0
4099,1
4100,0
4101,1
4102,0
4103,0
4104,0
4105,0
4106,0
4107,0
4108,0
4109,0
4110,0
4111,1
4112,0
4113,1
4114,0
4115,0
4116,0
4117,0
4118,1
4119,0
4120,0
4121,1
4122,0
4123,0
4124,0
4125,1
4126,0
4127,0
4128,0
4129,0
4130,0
4131,1
4132,0
4133,1
4134,0
4135,0
4136,1
4137,1
4138,1
4139,1
4140,0
4141,0
4142,1
4143,1
4144,0
4145,0
4146,0
4147,0
4148,0
4149,1
4150,1
4151,1
4152,0
4153,0
4154,0
4155,1
4156,1
4157,0
4158,0
4159,1
4160,0
4161,0
4162,0
4163,0
4164,0
4165,0
4166,1
4167,0
4168,1
4169,0
4170,0
4171,0
4172,1
4173,1
4174,1
4175,1
4176,1
4177,0
4178,1
4179,0
4180,0
4181,1
4182,1
4183,1
4184,1
4185,1
4186,1
4187,1
4188,1
4189,1
4190,1
4191,0
4192,0
4193,0
4194,1
4195,0
4196,0
4197,1
4198,0
4199,1
4200,0
4201,0
4202,1
4203,0
4204,1
4205,0
4206,0
4207,1
4208,0
4209,1
4210,0
4211,0
4212,0
4213,0
4214,1
4215,0
4216,0
4217,0
4218,0
4219,1
4220,0
4221,0
4222,1
4223,0
4224,0
4225,0
4226,0
4227,0
4228,1
4229,1
4230,0
4231,0
4232,0
4233,0
4234,0
4235,1
4236,0
4237,1
4238,1
4239,0
4240,1
4241,0
4242,0
4243,0
4244,0
4245,0
4246,0
4247,0
4248,1
4249,1
4250,0
4251,0
4252,0
4253,1
4254,0
4255,0
4256,0
4257,1
4258,0
4259,0
4260,0
4261,1
4262,0
4263,0
4264,1
4265,0
4266,0
4267,0
4268,0
4269,1
4270,0
4271,0
4272,1
4273,0
4274,0
4275,1
4276,0
4277,1
4278,1
4279,0
4280,1
4281,0
4282,1
4283,1
4284,0
4285,1
4286,0
4287,1
4288,0
4289,0
4290,1
4291,0
4292,0
4293,1
4294,0
4295,0
4296,0
4297,0
4298,1
4299,0
4300,1
4301,0
4302,0
4303,1
4304,0
4305,1
4306,0
4307,1
4308,0
4309,0
4310,0
4311,0
4312,1
4313,1
4314,0
4315,1
4316,0
4317,1
4318,1
4319,0
4320,1
4321,1
4322,0
4323,1
4324,0
4325,0
4326,1
4327,0
4328,0
4329,1
4330,0
4331,1
4332,0
4333,0
4334,1
4335,0
4336,0
4337,0
4338,0
4339,0
4340,1
4341,1
4342,0
4343,1
4344,1
4345,0
4346,1
4347,0
4348,1
4349,1
4350,1
4351,1
4352,1
4353,0
4354,1
4355,0
4356,0
4357,1
4358,0
4359,1
4360,1
4361,0
4362,1
4363,0
4364,0
4365,1
4366,0
4367,1
4368,0
4369,1
4370,0
4371,1
4372,0
4373,0
4374,1
4375,0
4376,1
4377,1
4378,1
4379,1
4380,0
4381,1
4382,0
4383,1
4384,0
4385,0
4386,1
4387,0
4388,0
4389,0
4390,1
4391,0
4392,1
4393,0
4394,0
4395,0
4396,1
4397,1
4398,1
4399,0
4400,0
4401,1
4402,0
4403,0
4404,1
4405,1
4406,0
4407,0
4408,1
4409,1
4410,0
4411,0
4412,0
4413,0
4414,0
4415,0
4416,1
4417,1
4418,1
4419,0
4420,1
4421,1
4422,1
4423,0
4424,1
4425,0
4426,0
4427,1
4428,0
4429,0
4430,0
4431,0
4432,0
4433,0
4434,0
4435,1
4436,0
4437,0
4438,1
4439,0
4440,1
4441,0
4442,0
4443,0
4444,1
4445,0
4446,0
4447,0
4448,1
4449,0
4450,0
4451,0
4452,1
4453,0
4454,1
4455,0
4456,1
4457,0
4458,1
4459,1
4460,1
4461,0
4462,1
4463,1
4464,1
4465,1
4466,1
4467,1
4468,0
4469,1
4470,1
4471,1
4472,0
4473,0
4474,1
4475,0
4476,0
4477,0
4478,0
4479,1
4480,0
4481,1
4482,1
4483,0
4484,0
4485,0
4486,0
4487,1
4488,0
4489,1
4490,1
4491,0
4492,1
4493,0
4494,0
4495,0
4496,0
4497,0
4498,0
4499,0
4500,0
4501,0
4502,0
4503,0
4504,0
4505,0
4506,1
4507,0
4508,1
4509,1
4510,0
4511,1
4512,0
4513,0
4514,0
4515,1
4516,0
4517,0
4518,1
4519,1
4520,1
4521,0
4522,1
4523,1
4524,1
4525,1
4526,0
4527,1
4528,0
4529,1
4530,0
4531,0
4532,1
4533,1
4534,0
4535,0
4536,0
4537,1
4538,0
4539,1
4540,0
4541,1
4542,1
4543,1
4544,0
4545,1
4546,1
4547,0
4548,0
4549,0
4550,0
4551,0
4552,0
4553,0
4554,1
4555,0
4556,1
4557,1
4558,0
4559,1
4560,0
4561,0
4562,1
4563,1
4564,1
4565,1
4566,1
4567,0
4568,1
4569,1
4570,1
4571,1
4572,0
4573,0
4574,1
4575,0
4576,1
4577,0
4578,1
4579,0
4580,0
4581,0
4582,0
4583,0
4584,0
4585,0
4586,0
4587,1
4588,0
4589,1
4590,0
4591,0
4592,1
4593,1
4594,0
4595,1
4596,0
4597,1
4598,0
4599,0
4600,1
4601,0
4602,0
4603,0
4604,0
4605,0
4606,0
4607,1
4608,1
4609,1
4610,0
4611,0
4612,0
4613,0
4614,0
4615,1
4616,0
4617,1
4618,0
4619,1
4620,1
4621,0
4622,1
4623,0
4624,1
4625,1
4626,0
4627,0
4628,0
4629,0
4630,0
4631,1
4632,0
4633,1
4634,0
4635,0
4636,1
4637,0
4638,1
4639,0
4640,1
4641,1
4642,1
4643,1
4644,0
4645,0
4646,0
4647,0
4648,1
4649,0
4650,0
4651,0
4652,0
4653,1
4654,1
4655,0
4656,0
4657,1
4658,0
4659,0
4660,0
4661,0
4662,0
4663,0
4664,0
4665,0
4666,0
4667,1
4668,0
4669,1
4670,0
4671,0
4672,0
4673,1
4674,0
4675,1
4676,0
4677,0
4678,0
4679,0
4680,0
4681,0
4682,0
4683,1
4684,0
4685,0
4686,0
4687,1
4688,1
4689,0
4690,1
4691,1
4692,0
4693,1
4694,0
4695,1
4696,1
4697,0
4698,0
4699,1
4700,0
4701,1
4702,0
4703,0
4704,1
4705,0
4706,0
4707,0
4708,1
4709,1
4710,0
4711,0
4712,1
4713,0
4714,0
4715,0
4716,0
4717,0
4718,0
4719,1
4720,1
4721,0
4722,0
4723,1
4724,1
4725,1
4726,1
4727,0
4728,0
4729,0
4730,0
4731,0
4732,1
4733,0
4734,1
4735,1
4736,0
4737,1
4738,0
4739,0
4740,1
4741,0
4742,1
4743,0
4744,0
4745,1
4746,0
4747,0
4748,1
4749,1
4750,1
4751,0
4752,0
4753,0
4754,0
4755,1
4756,0
4757,1
4758,1
4759,1
4760,1
4761,1
4762,1
4763,1
4764,1
4765,1
4766,1
4767,1
4768,0
4769,1
4770,0
4771,1
4772,1
4773,0
4774,0
4775,1
4776,0
4777,0
4778,1
4779,1
4780,0
4781,0
4782,0
4783,0
4784,0
4785,0
4786,0
4787,0
4788,0
4789,0
4790,0
4791,1
4792,0
4793,1
4794,0
4795,0
4796,1
4797,0
4798,1
4799,0
4800,0
4801,1
4802,0
4803,1
4804,1
4805,0
4806,1
4807,0
4808,1
4809,1
4810,0
4811,0
4812,0
4813,0
4814,0
4815,0
4816,0
4817,0
4818,0
4819,0
4820,0
4821,1
4822,0
4823,1
4824,0
4825,1
4826,0
4827,1
4828,0
4829,1
4830,1
4831,0
4832,1
4833,1
4834,0
4835,0
4836,1
4837,0
4838,0
4839,0
4840,0
4841,1
4842,0
4843,1
4844,1
4845,0
4846,1
4847,0
4848,0
4849,1
4850,0
4851,0
4852,0
4853,1
4854,0
4855,0
4856,1
4857,0
4858,0
4859,1
4860,0
4861,0
4862,0
4863,0
4864,0
4865,0
4866,0
4867,0
4868,0
4869,1
4870,1
4871,1
4872,0
4873,0
4874,0
4875,1
4876,1
4877,1
4878,0
4879,0
4880,1
4881,0
4882,0
4883,0
4884,0
4885,1
4886,0
4887,0
4888,1
4889,1
4890,0
4891,1
4892,0
4893,1
4894,1
4895,1
4896,1
4897,0
4898,0
4899,0
4900,0
4901,0
4902,0
4903,0
4904,0
4905,0
4906,0
4907,1
4908,1
4909,1
4910,1
4911,0
4912,1
4913,1
4914,0
4915,0
4916,0
4917,0
4918,1
4919,0
4920,0
4921,1
4922,0
4923,0
4924,1
4925,1
4926,1
4927,1
4928,0
4929,0
4930,1
4931,0
4932,1
4933,0
4934,0
4935,0
4936,0
4937,0
4938,0
4939,0
4940,0
4941,1
4942,0
4943,0
4944,0
4945,1
4946,1
4947,0
4948,0
4949,0
4950,0
4951,1
4952,0
4953,0
4954,1
4955,0
4956,0
4957,0
4958,0
4959,0
4960,0
4961,0
4962,0
4963,1
4964,0
4965,0
4966,0
4967,1
4968,1
4969,0
4970,0
4971,0
4972,0
4973,1
4974,0
4975,0
4976,1
4977,0
4978,0
4979,1
4980,0
4981,1
4982,0
4983,0
4984,0
4985,0
4986,0
4987,1
4988,1
4989,1
4990,0
4991,0
4992,0
4993,1
4994,1
4995,0
4996,1
4997,0
4998,0
4999,0
5000,0
5001,1
5002,0
5003,1
5004,0
5005,0
5006,0
5007,1
5008,0
5009,0
5010,0
5011,0
5012,1
5013,1
5014,0
5015,0
5016,0
5017,0
5018,0
5019,1
5020,1
5021,0
5022,0
5023,0
5024,0
5025,1
5026,1
5027,0
5028,0
5029,1
5030,0
5031,1
5032,0
5033,0
5034,1
5035,1
5036,1
5037,0
5038,1
5039,0
5040,0
5041,1
5042,0
5043,0
5044,0
5045,0
5046,0
5047,0
5048,0
5049,1
5050,0
5051,1
5052,1
5053,0
5054,0
5055,0
5056,0
5057,0
5058,0
5059,1
5060,0
5061,0
5062,0
5063,0
5064,1
5065,0
5066,0
5067,0
5068,1
5069,1
5070,0
5071,1
5072,0
5073,1
5074,0
5075,0
5076,0
5077,1
5078,1
5079,1
5080,1
5081,0
5082,1
5083,0
5084,1
5085,0
5086,0
5087,1
5088,1
5089,0
5090,1
5091,0
5092,0
5093,0
5094,0
5095,1
5096,0
5097,1
5098,0
5099,1
5100,0
5101,1
5102,1
5103,1
5104,1
5105,1
5106,1
5107,1
5108,0
5109,1
5110,0
5111,1
5112,0
5113,0
5114,0
5115,0
5116,1
5117,0
5118,1
5119,0
5120,1
5121,0
5122,0
5123,1
5124,1
5125,1
5126,0
5127,0
5128,1
5129,0
5130,0
5131,0
5132,0
5133,0
5134,0
5135,1
5136,0
5137,0
5138,0
5139,1
5140,0
5141,0
5142,0
5143,1
5144,0
5145,1
5146,1
5147,0
5148,1
5149,0
5150,0
5151,1
5152,0
5153,1
5154,1
5155,0
5156,1
5157,1
5158,0
5159,1
5160,0
5161,0
5162,0
5163,0
5164,0
5165,1
5166,1
5167,1
5168,0
5169,0
5170,0
5171,0
5172,1
5173,0
5174,0
5175,1
5176,0
5177,1
5178,0
5179,0
5180,1
5181,1
5182,1
5183,0
5184,0
5185,0
5186,1
5187,0
5188,0
5189,0
5190,0
5191,0
5192,1
5193,0
5194,1
5195,0
5196,0
5197,0
5198,0
5199,0
5200,1
5201,0
5202,0
5203,0
5204,0
5205,0
5206,0
5207,1
5208,0
5209,0
5210,1
5211,1
5212,0
5213,1
5214,0
5215,0
5216,0
5217,0
5218,0
5219,1
5220,0
5221,0
5222,0
5223,1
5224,0
5225,1
5226,0
5227,0
5228,1
5229,0
5230,1
5231,1
5232,0
5233,1
5234,0
5235,1
5236,0
5237,0
5238,1
5239,0
5240,0
5241,0
5242,0
5243,0
5244,0
5245,1
5246,1
5247,1
5248,0
5249,1
5250,0
5251,1
5252,0
5253,0
5254,0
5255,0
5256,1
5257,0
5258,0
5259,0
5260,1
5261,1
5262,1
5263,1
5264,0
5265,0
5266,1
5267,1
5268,0
5269,0
5270,0
5271,1
5272,1
5273,1
5274,1
5275,0
5276,1
5277,0
5278,1
5279,1
5280,0
5281,0
5282,0
5283,0
5284,1
5285,0
5286,1
5287,0
5288,0
5289,0
5290,0
5291,0
5292,1
5293,1
5294,1
5295,1
5296,1
5297,1
5298,1
5299,1
5300,1
5301,0
5302,1
5303,0
5304,0
5305,1
5306,0
5307,1
5308,0
5309,0
5310,0
5311,0
5312,0
5313,0
5314,0
5315,0
5316,0
5317,1
5318,0
5319,1
5320,0
5321,1
5322,0
5323,0
5324,1
5325,0
5326,1
5327,1
5328,0
5329,1
5330,0
5331,0
5332,1
5333,0
5334,0
5335,0
5336,0
5337,1
5338,1
5339,1
5340,0
5341,0
5342,1
5343,0
5344,0
5345,1
5346,1
5347,0
5348,1
5349,0
5350,1
5351,1
5352,0
5353,1
5354,1
5355,0
5356,0
5357,0
5358,0
5359,1
5360,0
5361,1
5362,0
5363,0
5364,1
5365,0
5366,1
5367,1
5368,1
5369,0
5370,0
5371,1
5372,0
5373,1
5374,0
5375,0
5376,0
5377,1
5378,1
5379,0
5380,0
5381,1
5382,0
5383,1
5384,0
5385,0
5386,0
5387,0
5388,0
5389,0
5390,1
5391,0
5392,0
5393,0
5394,1
5395,0
5396,1
5397,0
5398,0
5399,1
5400,0
5401,0
5402,0
5403,0
5404,0
5405,0
5406,1
5407,0
5408,0
5409,1
5410,0
5411,1
5412,0
5413,0
5414,0
5415,0
5416,0
5417,0
5418,1
5419,1
5420,0
5421,0
5422,0
5423,0
5424,0
5425,0
5426,0
5427,0
5428,1
5429,1
5430,1
5431,1
5432,0
5433,1
5434,1
5435,1
5436,0
5437,0
5438,0
5439,0
5440,1
5441,0
5442,0
5443,0
5444,0
5445,0
5446,0
5447,0
5448,0
5449,0
5450,0
5451,0
5452,0
5453,0
5454,0
5455,0
5456,1
5457,0
5458,0
5459,0
5460,1
5461,0
5462,1
5463,0
5464,1
5465,1
5466,0
5467,1
5468,0
5469,0
5470,0
5471,0
5472,1
5473,0
5474,0
5475,1
5476,0
5477,1
5478,1
5479,1
5480,0
5481,1
5482,0
5483,0
5484,0
5485,0
5486,0
5487,1
5488,0
5489,0
5490,0
5491,0
5492,1
5493,0
5494,1
5495,0
5496,0
5497,1
5498,0
5499,0
5500,0
5501,0
5502,0
5503,0
5504,0
5505,0
5506,0
5507,0
5508,1
5509,1
5510,0
5511,0
5512,1
5513,1
5514,1
5515,1
5516,0
5517,0
5518,0
5519,0
5520,1
5521,1
5522,1
5523,1
5524,0
5525,0
5526,1
5527,0
5528,1
5529,0
5530,1
5531,0
5532,1
5533,0
5534,1
5535,0
5536,0
5537,0
5538,1
5539,0
5540,1
5541,1
5542,0
5543,0
5544,0
5545,1
5546,1
5547,0
5548,1
5549,1
5550,0
5551,1
5552,1
5553,0
5554,0
5555,0
5556,0
5557,0
5558,0
5559,0
5560,1
5561,0
5562,0
5563,0
5564,0
5565,1
5566,0
5567,0
5568,0
5569,0
5570,0
5571,0
5572,0
5573,0
5574,0
5575,1
5576,0
5577,1
5578,0
5579,0
5580,1
5581,0
5582,1
5583,0
5584,0
5585,1
5586,0
5587,1
5588,0
5589,0
5590,1
5591,0
5592,0
5593,0
5594,1
5595,1
5596,0
5597,1
5598,0
5599,1
5600,1
5601,0
5602,0
5603,1
5604,0
5605,0
5606,0
5607,1
5608,1
5609,0
5610,0
5611,0
5612,1
5613,0
5614,0
5615,0
5616,1
5617,0
5618,1
5619,1
5620,0
5621,1
5622,0
5623,1
5624,0
5625,0
5626,0
5627,0
5628,0
5629,1
5630,0
5631,0
5632,0
5633,0
5634,1
5635,1
5636,0
5637,0
5638,1
5639,0
5640,1
5641,0
5642,0
5643,1
5644,0
5645,0
5646,1
5647,0
5648,0
5649,0
5650,1
5651,0
5652,0
5653,0
5654,0
5655,1
5656,0
5657,1
5658,0
5659,1
5660,1
5661,0
5662,1
5663,1
5664,0
5665,1
5666,0
5667,0
5668,1
5669,0
5670,0
5671,0
5672,1
5673,0
5674,0
5675,0
5676,1
5677,0
5678,1
5679,0
5680,0
5681,1
5682,0
5683,0
5684,0
5685,1
5686,1
5687,1
5688,0
5689,0
5690,1
5691,1
5692,0
5693,0
5694,1
5695,1
5696,0
5697,0
5698,0
5699,0
5700,0
5701,1
5702,0
5703,1
5704,0
5705,0
5706,1
5707,1
5708,1
5709,0
5710,0
5711,0
5712,0
5713,0
5714,0
5715,1
5716,0
5717,1
5718,1
5719,0
5720,0
5721,1
5722,0
5723,0
5724,0
5725,0
5726,0
5727,0
5728,0
5729,0
5730,0
5731,0
5732,0
5733,0
5734,0
5735,0
5736,1
5737,0
5738,0
5739,1
5740,0
5741,0
5742,0
5743,0
5744,1
5745,0
5746,0
5747,1
5748,0
5749,0
5750,0
5751,0
5752,0
5753,0
5754,0
5755,1
5756,0
5757,0
5758,0
5759,1
5760,1
5761,0
5762,1
5763,0
5764,0
5765,1
5766,0
5767,1
5768,0
5769,0
5770,0
5771,0
5772,1
5773,0
5774,0
5775,0
5776,0
5777,1
5778,0
5779,0
5780,0
5781,0
5782,0
5783,1
5784,0
5785,1
5786,1
5787,0
5788,0
5789,0
5790,1
5791,0
5792,1
5793,0
5794,1
5795,1
5796,1
5797,0
5798,0
5799,0
5800,0
5801,0
5802,0
5803,1
5804,0
5805,1
5806,0
5807,0
5808,0
5809,0
5810,0
5811,0
5812,0
5813,1
5814,1
5815,0
5816,1
5817,0
5818,0
5819,1
5820,0
5821,1
5822,0
5823,1
5824,0
5825,1
5826,0
5827,1
5828,1
5829,0
5830,1
5831,1
5832,0
5833,1
5834,0
5835,1
5836,1
5837,0
5838,0
5839,0
5840,1
5841,0
5842,0
5843,0
5844,0
5845,0
5846,0
5847,1
5848,0
5849,1
5850,0
5851,0
5852,1
5853,0
5854,0
5855,0
5856,1
5857,0
5858,0
5859,0
5860,1
5861,0
5862,1
5863,0
5864,1
5865,1
5866,0
5867,0
5868,1
5869,0
5870,0
5871,0
5872,0
5873,1
5874,0
5875,0
5876,0
5877,1
5878,0
5879,1
5880,1
5881,0
5882,1
5883,1
5884,0
5885,1
5886,1
5887,0
5888,0
5889,0
5890,1
5891,0
5892,1
5893,0
5894,0
5895,0
5896,0
5897,0
5898,0
5899,0
5900,1
5901,1
5902,0
5903,1
5904,0
5905,1
5906,1
5907,0
5908,0
5909,0
5910,0
5911,1
5912,0
5913,0
5914,0
5915,1
5916,1
5917,0
5918,1
5919,0
5920,0
5921,0
5922,0
5923,0
5924,0
5925,1
5926,0
5927,1
5928,0
5929,0
5930,1
5931,0
5932,0
5933,1
5934,0
5935,0
5936,0
5937,1
5938,0
5939,1
5940,0
5941,1
5942,1
5943,0
5944,0
5945,1
5946,0
5947,0
5948,0
5949,1
5950,0
5951,0
5952,1
5953,0
5954,0
5955,0
5956,0
5957,0
5958,0
5959,0
5960,0
5961,0
5962,1
5963,0
5964,0
5965,0
5966,0
5967,0
5968,0
5969,0
5970,0
5971,1
5972,1
5973,1
5974,0
5975,1
5976,0
5977,1
5978,0
5979,0
5980,0
5981,0
5982,0
5983,0
5984,0
5985,0
5986,0
5987,1
5988,0
5989,0
5990,0
5991,1
5992,1
5993,0
5994,0
5995,1
5996,0
5997,0
5998,0
5999,0
6000,1
6001,0
6002,1
6003,0
6004,1
6005,0
6006,0
6007,1
6008,0
6009,0
6010,0
6011,1
6012,0
6013,0
6014,0
6015,1
6016,0
6017,0
6018,0
6019,1
6020,0
6021,0
6022,0
6023,1
6024,1
6025,0
6026,0
6027,1
6028,1
6029,0
6030,0
6031,1
6032,0
6033,0
6034,0
6035,0
6036,0
6037,0
6038,0
6039,1
6040,0
6041,0
6042,0
6043,0
6044,0
6045,0
6046,0
6047,1
6048,0
6049,1
6050,1
6051,0
6052,1
6053,0
6054,0
6055,1
6056,0
6057,0
6058,1
6059,0
6060,0
6061,0
6062,1
6063,0
6064,0
6065,0
6066,0
6067,0
6068,0
6069,1
6070,0
6071,1
6072,1
6073,0
6074,0
6075,0
6076,0
6077,0
6078,0
6079,0
6080,0
6081,0
6082,1
6083,1
6084,0
6085,1
6086,0
6087,0
6088,0
6089,1
6090,0
6091,1
6092,0
6093,1
6094,0
6095,1
6096,0
6097,1
6098,1
6099,1
6100,0
6101,1
6102,0
6103,0
6104,1
6105,1
6106,0
6107,1
6108,0
6109,0
6110,1
6111,0
6112,1
6113,0
6114,0
6115,0
6116,0
6117,1
6118,0
6119,1
6120,0
6121,0
6122,0
6123,0
6124,0
6125,0
6126,0
6127,1
6128,0
6129,1
6130,0
6131,1
6132,0
6133,0
6134,1
6135,0
6136,0
6137,0
6138,0
6139,1
6140,0
6141,0
6142,0
6143,1
6144,0
6145,0
6146,0
6147,1
6148,0
6149,1
6150,0
6151,1
6152,0
6153,0
6154,1
6155,1
6156,0
6157,0
6158,0
6159,0
6160,0
6161,0
6162,0
6163,1
6164,0
6165,0
6166,1
6167,0
6168,0
6169,1
6170,0
6171,1
6172,0
6173,0
6174,0
6175,1
6176,0
6177,0
6178,0
6179,1
6180,0
6181,0
6182,1
6183,0
6184,0
6185,0
6186,0
6187,0
6188,0
6189,0
6190,0
6191,0
6192,0
6193,0
6194,0
6195,0
6196,1
6197,0
6198,0
6199,0
6200,0
6201,1
6202,0
6203,0
6204,0
6205,1
6206,0
6207,1
6208,0
6209,0
6210,1
6211,1
6212,0
6213,1
6214,0
6215,1
6216,0
6217,0
6218,1
6219,1
6220,0
6221,1
6222,0
6223,0
6224,0
6225,0
6226,0
6227,0
6228,0
6229,1
6230,0
6231,1
6232,0
6233,0
6234,0
6235,0
6236,0
6237,1
6238,0
6239,0
6240,0
6241,1
6242,0
6243,0
6244,0
6245,1
6246,0
6247,0
6248,0
6249,0
6250,1
6251,1
6252,0
6253,1
6254,0
6255,1
6256,1
6257,0
6258,0
6259,0
6260,1
6261,0
6262,1
6263,0
6264,1
6265,0
6266,1
6267,0
6268,1
6269,1
6270,0
6271,0
6272,0
6273,0
6274,1
6275,0
6276,1
6277,1
6278,1
6279,1
6280,0
6281,1
6282,1
6283,0
6284,1
6285,1
6286,0
6287,1
6288,0
6289,0
6290,0
6291,0
6292,0
6293,1
6294,0
6295,0
6296,0
6297,0
6298,1
6299,0
6300,0
6301,1
6302,0
6303,0
6304,0
6305,0
6306,0
6307,0
6308,0
6309,1
6310,0
6311,0
6312,1
6313,0
6314,0
6315,1
6316,0
6317,0
6318,1
6319,0
6320,0
6321,0
6322,1
6323,0
6324,0
6325,0
6326,1
6327,0
6328,0
6329,0
6330,1
6331,0
6332,0
6333,1
6334,0
6335,1
6336,0
6337,0
6338,0
6339,1
6340,1
6341,1
6342,0
6343,1
6344,0
6345,0
6346,1
6347,0
6348,1
6349,0
6350,0
6351,0
6352,0
6353,0
6354,1
6355,0
6356,1
6357,1
6358,1
6359,1
6360,0
6361,0
6362,0
6363,1
6364,0
6365,0
6366,1
6367,0
6368,0
6369,0
6370,1
6371,0
6372,0
6373,0
6374,1
6375,0
6376,0
6377,0
6378,1
6379,0
6380,1
6381,0
6382,0
6383,1
6384,1
6385,0
6386,0
6387,1
6388,1
6389,0
6390,0
6391,1
6392,0
6393,0
6394,0
6395,1
6396,0
6397,0
6398,0
6399,0
6400,0
6401,0
6402,0
6403,0
6404,0
6405,0
6406,1
6407,1
6408,0
6409,1
6410,0
6411,1
6412,1
6413,0
6414,1
6415,1
6416,0
6417,0
6418,1
6419,0
6420,0
6421,0
6422,0
6423,0
6424,0
6425,0
6426,0
6427,0
6428,0
6429,1
6430,0
6431,1
6432,0
6433,1
6434,0
6435,0
6436,1
6437,0
6438,0
6439,1
6440,1
6441,0
6442,0
6443,0
6444,0
6445,1
6446,0
6447,0
6448,1
6449,1
6450,0
6451,1
6452,0
6453,0
6454,1
6455,0
6456,0
6457,1
6458,0
6459,0
6460,0
6461,0
6462,1
6463,1
6464,1
6465,1
6466,0
6467,1
6468,0
6469,0
6470,1
6471,0
6472,1
6473,0
6474,1
6475,1
6476,1
6477,0
6478,0
6479,0
6480,0
6481,1
6482,0
6483,0
6484,1
6485,0
6486,1
6487,0
6488,0
6489,1
6490,0
6491,0
6492,0
6493,0
6494,0
6495,0
6496,0
6497,0
6498,1
6499,0
6500,1
6501,1
6502,1
6503,1
6504,1
6505,1
6506,1
6507,0
6508,0
6509,1
6510,0
6511,1
6512,0
6513,0
6514,1
6515,1
6516,0
6517,0
6518,0
6519,0
6520,0
6521,1
6522,0
6523,1
6524,0
6525,0
6526,0
6527,1
6528,0
6529,0
6530,0
6531,1
6532,0
6533,1
6534,0
6535,1
6536,0
6537,1
6538,1
6539,1
6540,1
6541,0
6542,0
6543,0
6544,0
6545,1
6546,0
6547,0
6548,0
6549,0
6550,1
6551,1
6552,0
6553,1
6554,0
6555,1
6556,0
6557,0
6558,1
6559,0
6560,1
6561,1
6562,1
6563,1
6564,0
6565,1
6566,0
6567,0
6568,1
6569,1
6570,1
6571,1
6572,1
6573,0
6574,0
6575,0
6576,1
6577,0
6578,0
6579,0
6580,1
6581,0
6582,0
6583,0
6584,1
6585,0
6586,1
6587,0
6588,1
6589,0
6590,0
6591,0
6592,0
6593,0
6594,1
6595,1
6596,1
6597,0
6598,1
6599,1
6600,1
6601,1
6602,0
6603,1
6604,1
6605,0
6606,0
6607,0
6608,0
6609,0
6610,0
6611,0
6612,1
6613,0
6614,0
6615,1
6616,0
6617,0
6618,0
6619,0
6620,1
6621,1
6622,0
6623,0
6624,1
6625,0
6626,0
6627,0
6628,1
6629,1
6630,0
6631,0
6632,1
6633,0
6634,0
6635,0
6636,0
6637,1
6638,0
6639,0
6640,0
6641,0
6642,0
6643,1
6644,0
6645,0
6646,0
6647,0
6648,0
6649,1
6650,1
6651,0
6652,0
6653,1
6654,0
6655,0
6656,1
6657,0
6658,1
6659,0
6660,1
6661,1
6662,0
6663,1
6664,1
6665,0
6666,1
6667,0
6668,1
6669,1
6670,0
6671,1
6672,1
6673,0
6674,1
6675,0
6676,0
6677,0
6678,0
6679,1
6680,0
6681,0
6682,0
6683,0
6684,0
6685,0
6686,0
6687,1
6688,0
6689,0
6690,0
6691,1
6692,1
6693,0
6694,1
6695,0
6696,0
6697,1
6698,0
6699,0
6700,1
6701,0
6702,0
6703,1
6704,1
6705,0
6706,1
6707,0
6708,0
6709,0
6710,0
6711,1
6712,0
6713,0
6714,0
6715,0
6716,1
6717,0
6718,1
6719,1
6720,1
6721,1
6722,0
6723,1
6724,1
6725,0
6726,0
6727,0
6728,0
6729,1
6730,0
6731,1
6732,1
6733,0
6734,1
6735,0
6736,1
6737,0
6738,0
6739,1
6740,0
6741,0
6742,1
6743,0
6744,1
6745,1
6746,0
6747,1
6748,0
6749,1
6750,1
6751,1
6752,1
6753,0
6754,0
6755,1
6756,0
6757,0
6758,0
6759,0
6760,0
6761,0
6762,0
6763,0
6764,0
6765,0
6766,1
6767,1
6768,0
6769,1
6770,1
6771,0
6772,0
6773,1
6774,1
6775,1
6776,0
6777,0
6778,0
6779,0
6780,1
6781,0
6782,0
6783,1
6784,0
6785,0
6786,1
6787,0
6788,0
6789,1
6790,1
6791,1
6792,0
6793,0
6794,1
6795,1
6796,0
6797,1
6798,0
6799,0
6800,1
6801,0
6802,1
6803,0
6804,0
6805,1
6806,0
6807,1
6808,0
6809,1
6810,0
6811,0
6812,0
6813,0
6814,0
6815,1
6816,0
6817,0
6818,1
6819,0
6820,0
6821,0
6822,0
6823,1
6824,0
6825,0
6826,0
6827,1
6828,1
6829,0
6830,0
6831,0
6832,1
6833,1
6834,0
6835,1
6836,1
6837,0
6838,0
6839,0
6840,0
6841,1
6842,0
6843,0
6844,0
6845,0
6846,0
6847,1
6848,1
6849,0
6850,1
6851,1
6852,0
6853,1
6854,0
6855,0
6856,1
6857,1
6858,0
6859,0
6860,0
6861,0
6862,0
6863,0
6864,1
6865,0
6866,0
6867,0
6868,0
6869,0
6870,0
6871,1
6872,0
6873,1
6874,0
6875,0
6876,1
6877,0
6878,1
6879,0
6880,0
6881,1
6882,0
6883,0
6884,1
6885,0
6886,0
6887,0
6888,0
6889,0
6890,0
6891,1
6892,1
6893,1
6894,0
6895,1
6896,0
6897,1
6898,1
6899,0
6900,0
6901,0
6902,0
6903,1
6904,0
6905,0
6906,0
6907,0
6908,1
6909,1
6910,0
6911,0
6912,0
6913,0
6914,1
6915,0
6916,0
6917,1
6918,0
6919,0
6920,1
6921,0
6922,1
6923,1
6924,1
6925,1
6926,1
6927,0
6928,1
6929,1
6930,0
6931,1
6932,0
6933,0
6934,1
6935,0
6936,0
6937,0
6938,1
6939,0
6940,0
6941,0
6942,1
6943,0
6944,0
6945,1
6946,0
6947,1
6948,0
6949,0
6950,1
6951,1
6952,0
6953,1
6954,0
6955,0
6956,0
6957,0
6958,0
6959,1
6960,0
6961,0
6962,0
6963,1
6964,0
6965,0
6966,0
6967,0
6968,0
6969,1
6970,0
6971,1
6972,0
6973,1
6974,0
6975,0
6976,0
6977,0
6978,1
6979,1
6980,0
6981,1
6982,0
6983,0
6984,1
6985,0
6986,1
6987,1
6988,0
6989,0
6990,0
6991,0
6992,0
6993,0
6994,1
6995,0
6996,0
6997,0
6998,1
6999,0
7000,0
7001,1
7002,0
7003,0
7004,0
7005,0
7006,0
7007,0
7008,0
7009,1
7010,1
7011,0
7012,1
7013,1
7014,0
7015,1
7016,0
7017,1
7018,0
7019,0
7020,1
7021,0
7022,1
7023,0
7024,0
7025,1
7026,0
7027,1
7028,1
7029,0
7030,1
7031,0
7032,0
7033,0
7034,1
7035,1
7036,0
7037,0
7038,1
7039,0
7040,0
7041,0
7042,0
7043,1
7044,0
7045,1
7046,0
7047,0
7048,1
7049,0
7050,1
7051,0
7052,0
7053,1
7054,0
7055,1
7056,1
7057,0
7058,0
7059,0
7060,0
7061,0
7062,0
7063,1
7064,1
7065,0
7066,1
7067,0
7068,0
7069,1
7070,0
7071,1
7072,0
7073,0
7074,1
7075,0
7076,0
7077,1
7078,0
7079,0
7080,0
7081,0
7082,0
7083,1
7084,0
7085,1
7086,0
7087,0
7088,0
7089,0
7090,0
7091,0
7092,0
7093,1
7094,0
7095,1
7096,0
7097,1
7098,0
7099,1
7100,1
7101,0
7102,1
7103,0
7104,0
7105,1
7106,0
7107,0
7108,0
7109,0
7110,0
7111,0
7112,0
7113,0
7114,1
7115,0
7116,0
7117,1
7118,0
7119,0
7120,0
7121,0
7122,0
7123,0
7124,0
7125,1
7126,0
7127,0
7128,0
7129,0
7130,0
7131,0
7132,0
7133,1
7134,0
7135,1
7136,0
7137,1
7138,1
7139,0
7140,1
7141,0
7142,0
7143,1
7144,0
7145,1
7146,0
7147,0
7148,1
7149,0
7150,1
7151,0
7152,1
7153,0
7154,0
7155,0
7156,0
7157,0
7158,0
7159,0
7160,0
7161,0
7162,0
7163,0
7164,0
7165,0
7166,0
7167,0
7168,1
7169,0
7170,0
7171,0
7172,1
7173,0
7174,0
7175,0
7176,0
7177,1
7178,0
7179,0
7180,0
7181,0
7182,0
7183,1
7184,0
7185,1
7186,1
7187,0
7188,1
7189,0
7190,1
7191,1
7192,0
7193,1
7194,0
7195,0
7196,0
7197,0
7198,0
7199,1
7200,0
7201,0
7202,1
7203,0
7204,1
7205,0
7206,0
7207,1
7208,0
7209,1
7210,0
7211,0
7212,1
7213,0
7214,0
7215,0
7216,1
7217,0
7218,1
7219,1
7220,1
7221,1
7222,0
7223,0
7224,1
7225,0
7226,1
7227,0
7228,1
7229,1
7230,0
7231,0
7232,0
7233,0
7234,0
7235,0
7236,0
7237,0
7238,0
7239,0
7240,1
7241,0
7242,0
7243,1
7244,0
7245,0
7246,1
7247,0
7248,1
7249,1
7250,0
7251,1
7252,0
7253,0
7254,1
7255,0
7256,1
7257,0
7258,0
7259,1
7260,0
7261,0
7262,0
7263,1
7264,1
7265,0
7266,1
7267,0
7268,1
7269,1
7270,0
7271,1
7272,0
7273,0
7274,0
7275,0
7276,0
7277,1
7278,1
7279,0
7280,0
7281,1
7282,1
7283,1
7284,0
7285,1
7286,1
7287,0
7288,0
7289,0
7290,0
7291,0
7292,0
7293,1
7294,0
7295,0
7296,0
7297,1
7298,0
7299,0
7300,0
7301,1
7302,0
7303,1
7304,0
7305,1
7306,1
7307,0
7308,0
7309,0
7310,0
7311,1
7312,1
7313,0
7314,0
7315,0
7316,1
7317,1
7318,1
7319,0
7320,1
7321,0
7322,1
7323,0
7324,0
7325,1
7326,1
7327,0
7328,1
7329,0
7330,1
7331,0
7332,0
7333,1
7334,0
7335,1
7336,1
7337,0
7338,0
7339,0
7340,0
7341,0
7342,0
7343,1
7344,1
7345,0
7346,0
7347,1
7348,0
7349,0
7350,0
7351,0
7352,0
7353,0
7354,0
7355,0
7356,0
7357,1
7358,0
7359,0
7360,0
7361,0
7362,0
7363,1
7364,0
7365,1
7366,0
7367,1
7368,0
7369,1
7370,1
7371,0
7372,1
7373,0
7374,0
7375,0
7376,1
7377,1
7378,0
7379,1
7380,0
7381,0
7382,1
7383,0
7384,1
7385,1
7386,1
7387,0
7388,0
7389,1
7390,1
7391,1
7392,0
7393,1
7394,0
7395,0
7396,1
7397,1
7398,1
7399,0
7400,0
7401,0
7402,0
7403,1
7404,0
7405,0
7406,1
7407,0
7408,1
7409,0
7410,0
7411,1
7412,0
7413,0
7414,1
7415,0
7416,0
7417,1
7418,1
7419,0
7420,1
7421,0
7422,0
7423,1
7424,0
7425,1
7426,0
7427,0
7428,1
7429,0
7430,0
7431,0
7432,1
7433,0
7434,1
7435,0
7436,1
7437,0
7438,1
7439,1
7440,0
7441,1
7442,0
7443,1
7444,0
7445,0
7446,0
7447,1
7448,0
7449,0
7450,1
7451,1
7452,0
7453,0
7454,0
7455,0
7456,0
7457,1
7458,0
7459,1
7460,0
7461,0
7462,0
7463,0
7464,0
7465,0
7466,0
7467,1
7468,0
7469,0
7470,0
7471,0
7472,1
7473,0
7474,1
7475,0
7476,0
7477,0
7478,0
7479,1
7480,0
7481,0
7482,0
7483,0
7484,1
7485,0
7486,0
7487,1
7488,0
7489,1
7490,0
7491,0
7492,1
7493,0
7494,0
7495,1
7496,0
7497,0
7498,1
7499,0
7500,0
7501,1
7502,1
7503,0
7504,1
7505,0
7506,1
7507,1
7508,0
7509,0
7510,1
7511,1
7512,0
7513,0
7514,0
7515,0
7516,0
7517,0
7518,0
7519,0
7520,1
7521,0
7522,1
7523,1
7524,1
7525,0
7526,0
7527,0
7528,0
7529,1
7530,0
7531,0
7532,1
7533,0
7534,1
7535,0
7536,0
7537,1
7538,0
7539,0
7540,1
7541,0
7542,1
7543,0
7544,1
7545,0
7546,0
7547,1
7548,0
7549,1
7550,1
7551,0
7552,1
7553,0
7554,0
7555,0
7556,0
7557,0
7558,0
7559,0
7560,0
7561,1
7562,0
7563,1
7564,1
7565,1
7566,0
7567,0
7568,0
7569,0
7570,0
7571,1
7572,0
7573,1
7574,0
7575,0
7576,0
7577,0
7578,0
7579,0
7580,1
7581,0
7582,1
7583,0
7584,0
7585,0
7586,0
7587,0
7588,0
7589,0
7590,0
7591,0
7592,0
7593,0
7594,0
7595,1
7596,0
7597,0
7598,0
7599,0
7600,0
7601,1
7602,0
7603,1
7604,0
7605,1
7606,0
7607,0
7608,0
7609,1
7610,0
7611,0
7612,0
7613,0
7614,1
7615,0
7616,0
7617,1
7618,0
7619,1
7620,0
7621,0
7622,1
7623,0
7624,0
7625,0
7626,0
7627,1
7628,1
7629,0
7630,0
7631,0
7632,0
7633,1
7634,0
7635,0
7636,0
7637,0
7638,1
7639,1
7640,0
7641,0
7642,1
7643,0
7644,0
7645,1
7646,0
7647,0
7648,1
7649,1
7650,1
7651,1
7652,0
7653,1
7654,0
7655,0
7656,1
7657,0
7658,1
7659,0
7660,0
7661,0
7662,0
7663,0
7664,0
7665,0
7666,0
7667,0
7668,1
7669,1
7670,0
7671,0
7672,0
7673,0
7674,0
7675,0
7676,0
7677,1
7678,0
7679,0
7680,0
7681,0
7682,0
7683,1
7684,0
7685,0
7686,0
7687,1
7688,0
7689,0
7690,0
7691,1
7692,0
7693,0
7694,0
7695,0
7696,0
7697,0
7698,0
7699,0
7700,0
7701,1
7702,0
7703,0
7704,1
7705,0
7706,1
7707,1
7708,0
7709,0
7710,1
7711,0
7712,1
7713,0
7714,0
7715,1
7716,0
7717,1
7718,0
7719,0
7720,0
7721,0
7722,0
7723,1
7724,1
7725,0
7726,0
7727,0
7728,0
7729,0
7730,0
7731,0
7732,1
7733,0
7734,1
7735,0
7736,1
7737,0
7738,1
7739,0
7740,1
7741,0
7742,1
7743,0
7744,0
7745,0
7746,1
7747,0
7748,1
7749,0
7750,0
7751,1
7752,0
7753,1
7754,0
7755,0
7756,1
7757,0
7758,0
7759,1
7760,0
7761,0
7762,1
7763,1
7764,1
7765,0
7766,0
7767,0
7768,0
7769,0
7770,0
7771,0
7772,0
7773,1
7774,0
7775,1
7776,0
7777,0
7778,0
7779,0
7780,1
7781,0
7782,0
7783,0
7784,0
7785,0
7786,1
7787,0
7788,1
7789,0
7790,0
7791,0
7792,1
7793,1
7794,0
7795,0
7796,0
7797,1
7798,0
7799,0
7800,1
7801,0
7802,0
7803,1
7804,0
7805,1
7806,0
7807,0
7808,1
7809,0
7810,1
7811,0
7812,0
7813,1
7814,0
7815,0
7816,0
7817,0
7818,0
7819,1
7820,1
7821,0
7822,1
7823,1
7824,0
7825,1
7826,0
7827,1
7828,0
7829,0
7830,1
7831,0
7832,0
7833,0
7834,0
7835,1
7836,1
7837,0
7838,0
7839,0
7840,0
7841,0
7842,0
7843,0
7844,1
7845,0
7846,0
7847,0
7848,0
7849,0
7850,0
7851,0
7852,0
7853,0
7854,1
7855,1
7856,1
7857,0
7858,0
7859,0
7860,0
7861,0
7862,0
7863,0
7864,1
7865,1
7866,1
7867,0
7868,1
7869,0
7870,1
7871,0
7872,0
7873,1
7874,1
7875,1
7876,0
7877,1
7878,0
7879,1
7880,1
7881,0
7882,0
7883,1
7884,0
7885,0
7886,0
7887,1
7888,0
7889,0
7890,0
7891,0
7892,1
7893,1
7894,0
7895,1
7896,0
7897,0
7898,1
7899,1
7900,1
7901,0
7902,0
7903,1
7904,0
7905,0
7906,0
7907,0
7908,0
7909,0
7910,1
7911,0
7912,1
7913,1
7914,0
7915,0
7916,0
7917,0
7918,1
7919,0
7920,0
7921,1
7922,0
7923,1
7924,0
7925,0
7926,1
7927,0
7928,0
7929,0
7930,0
7931,1
7932,0
7933,0
7934,1
7935,0
7936,0
7937,0
7938,0
7939,1
7940,0
7941,1
7942,0
7943,0
7944,0
7945,0
7946,0
7947,1
7948,0
7949,1
7950,0
7951,1
7952,1
7953,0
7954,1
7955,0
7956,1
7957,1
7958,0
7959,1
7960,1
7961,0
7962,1
7963,1
7964,0
7965,1
7966,1
7967,0
7968,0
7969,0
7970,0
7971,0
7972,0
7973,0
7974,0
7975,0
7976,0
7977,0
7978,1
7979,0
7980,1
7981,1
7982,0
7983,0
7984,0
7985,0
7986,0
7987,0
7988,0
7989,1
7990,0
7991,0
7992,1
7993,1
7994,1
7995,0
7996,1
7997,1
7998,0
7999,0
8000,1
8001,0
8002,1
8003,0
8004,0
8005,0
8006,0
8007,0
8008,1
8009,0
8010,0
8011,0
8012,1
8013,1
8014,1
8015,1
8016,0
8017,0
8018,1
8019,1
8020,0
8021,1
8022,0
8023,1
8024,0
8025,0
8026,0
8027,0
8028,0
8029,1
8030,0
8031,1
8032,0
8033,1
8034,0
8035,1
8036,1
8037,1
8038,0
8039,0
8040,1
8041,0
8042,1
8043,1
8044,0
8045,1
8046,0
8047,0
8048,0
8049,0
8050,0
8051,0
8052,0
8053,0
8054,1
8055,0
8056,0
8057,0
8058,0
8059,0
8060,0
8061,0
8062,1
8063,1
8064,0
8065,1
8066,0
8067,0
8068,0
8069,0
8070,1
8071,1
8072,0
8073,1
8074,0
8075,1
8076,0
8077,1
8078,1
8079,1
8080,1
8081,0
8082,0
8083,0
8084,0
8085,1
8086,0
8087,0
8088,0
8089,0
8090,0
8091,0
8092,0
8093,0
8094,0
8095,0
8096,1
8097,1
8098,0
8099,1
8100,0
8101,0
8102,1
8103,0
8104,1
8105,1
8106,1
8107,0
8108,1
8109,1
8110,1
8111,0
8112,0
8113,0
8114,1
8115,1
8116,0
8117,1
8118,1
8119,0
8120,0
8121,1
8122,0
8123,0
8124,0
8125,1
8126,1
8127,0
8128,0
8129,0
8130,0
8131,0
8132,0
8133,1
8134,0
8135,0
8136,0
8137,1
8138,0
8139,0
8140,0
8141,0
8142,0
8143,0
8144,0
8145,0
8146,0
8147,0
8148,0
8149,1
8150,0
8151,1
8152,0
8153,0
8154,0
8155,0
8156,0
8157,0
8158,0
8159,1
8160,0
8161,0
8162,1
8163,0
8164,0
8165,0
8166,0
8167,1
8168,0
8169,0
8170,0
8171,1
8172,0
8173,1
8174,0
8175,1
8176,0
8177,0
8178,0
8179,1
8180,0
8181,0
8182,1
8183,0
8184,0
8185,1
8186,0
8187,0
8188,1
8189,0
8190,0
8191,0
8192,0
8193,0
8194,0
8195,0
8196,0
8197,0
8198,1
8199,1
8200,1
8201,0
8202,0
8203,1
8204,0
8205,0
8206,1
8207,0
8208,1
8209,0
8210,0
8211,1
8212,1
8213,0
8214,0
8215,0
8216,1
8217,1
8218,1
8219,0
8220,0
8221,0
8222,0
8223,0
8224,0
8225,0
8226,0
8227,0
8228,0
8229,1
8230,0
8231,0
8232,0
8233,0
8234,0
8235,1
8236,0
8237,1
8238,0
8239,1
8240,0
8241,1
8242,1
8243,0
8244,1
8245,0
8246,1
8247,1
8248,0
8249,1
8250,0
8251,0
8252,0
8253,0
8254,1
8255,1
8256,0
8257,0
8258,0
8259,0
8260,1
8261,1
8262,0
8263,1
8264,0
8265,0
8266,1
8267,0
8268,1
8269,1
8270,0
8271,1
8272,0
8273,0
8274,1
8275,0
8276,1
8277,0
8278,0
8279,0
8280,1
8281,0
8282,0
8283,1
8284,1
8285,0
8286,1
8287,1
8288,0
8289,1
8290,0
8291,0
8292,1
8293,0
8294,1
8295,0
8296,0
8297,1
8298,1
8299,0
8300,0
8301,1
8302,0
8303,1
8304,0
8305,1
8306,1
8307,0
8308,1
8309,0
8310,0
8311,1
8312,0
8313,0
8314,1
8315,0
8316,1
8317,1
8318,0
8319,0
8320,0
8321,0
8322,0
8323,0
8324,1
8325,1
8326,0
8327,1
8328,0
8329,1
8330,0
8331,1
8332,1
8333,0
8334,1
8335,0
8336,1
8337,1
8338,0
8339,0
8340,0
8341,1
8342,0
8343,1
8344,1
8345,0
8346,0
8347,0
8348,1
8349,0
8350,0
8351,1
8352,1
8353,0
8354,0
8355,0
8356,0
8357,1
8358,0
8359,0
8360,1
8361,0
8362,0
8363,0
8364,0
8365,0
8366,1
8367,0
8368,1
8369,0
8370,0
8371,0
8372,0
8373,0
8374,1
8375,0
8376,0
8377,0
8378,1
8379,0
8380,0
8381,1
8382,0
8383,0
8384,1
8385,1
8386,0
8387,1
8388,0
8389,0
8390,1
8391,1
8392,0
8393,0
8394,0
8395,0
8396,0
8397,1
8398,1
8399,0
8400,1
8401,0
8402,0
8403,1
8404,0
8405,0
8406,0
8407,1
8408,0
8409,1
8410,0
8411,0
8412,1
8413,0
8414,0
8415,1
8416,0
8417,0
8418,0
8419,0
8420,0
8421,1
8422,0
8423,0
8424,0
8425,0
8426,1
8427,0
8428,0
8429,1
8430,0
8431,1
8432,0
8433,0
8434,1
8435,0
8436,1
8437,0
8438,0
8439,1
8440,0
8441,0
8442,0
8443,0
8444,0
8445,1
8446,0
8447,1
8448,1
8449,0
8450,0
8451,0
8452,0
8453,1
8454,0
8455,0
8456,1
8457,0
8458,0
8459,1
8460,1
8461,0
8462,1
8463,0
8464,1
8465,0
8466,1
8467,0
8468,1
8469,0
8470,1
8471,0
8472,0
8473,0
8474,0
8475,0
8476,0
8477,0
8478,1
8479,0
8480,1
8481,0
8482,0
8483,0
8484,1
8485,0
8486,1
8487,0
8488,0
8489,1
8490,1
8491,1
8492,0
8493,0
8494,1
8495,0
8496,0
8497,0
8498,1
8499,1
8500,0
8501,0
8502,1
8503,0
8504,1
8505,0
8506,0
8507,1
8508,0
8509,1
8510,0
8511,0
8512,0
8513,0
8514,1
8515,0
8516,0
8517,0
8518,1
8519,1
8520,0
8521,1
8522,0
8523,1
8524,0
8525,1
8526,0
8527,1
8528,0
8529,0
8530,0
8531,1
8532,0
8533,0
8534,0
8535,1
8536,0
8537,0
8538,0
8539,1
8540,0
8541,0
8542,1
8543,0
8544,0
8545,1
8546,0
8547,0
8548,0
8549,0
8550,0
8551,0
8552,1
8553,0
8554,1
8555,1
8556,0
8557,1
8558,0
8559,0
8560,0
8561,0
8562,0
8563,0
8564,1
8565,0
8566,1
8567,0
8568,0
8569,1
8570,0
8571,1
8572,0
8573,0
8574,0
8575,1
8576,1
8577,1
8578,0
8579,0
8580,0
8581,1
8582,0
8583,1
8584,0
8585,0
8586,1
8587,0
8588,0
8589,0
8590,0
8591,1
8592,0
8593,0
8594,0
8595,0
8596,1
8597,0
8598,0
8599,1
8600,0
8601,1
8602,1
8603,0
8604,0
8605,1
8606,0
8607,1
8608,0
8609,1
8610,1
8611,1
8612,0
8613,0
8614,0
8615,0
8616,0
8617,0
8618,0
8619,1
8620,1
8621,0
8622,0
8623,0
8624,1
8625,1
8626,0
8627,1
8628,0
8629,1
8630,0
8631,0
8632,0
8633,1
8634,0
8635,0
8636,0
8637,1
8638,0
8639,1
8640,0
8641,0
8642,0
8643,0
8644,1
8645,0
8646,0
8647,0
8648,1
8649,1
8650,0
8651,1
8652,1
8653,0
8654,1
8655,1
8656,0
8657,0
8658,0
8659,0
8660,0
8661,1
8662,0
8663,0
8664,0
8665,0
8666,0
8667,0
8668,0
8669,0
8670,0
8671,0
8672,0
8673,0
8674,0
8675,0
8676,0
8677,0
8678,0
8679,0
8680,0
8681,0
8682,1
8683,0
8684,0
8685,1
8686,1
8687,0
8688,1
8689,0
8690,1
8691,0
8692,0
8693,0
8694,0
8695,0
8696,1
8697,0
8698,1
8699,0
8700,1
8701,1
8702,0
8703,1
8704,0
8705,0
8706,0
8707,0
8708,1
8709,0
8710,1
8711,0
8712,1
8713,0
8714,0
8715,0
8716,0
8717,0
8718,0
8719,1
8720,0
8721,0
8722,1
8723,1
8724,0
8725,0
8726,0
8727,1
8728,0
8729,1
8730,1
8731,0
8732,0
8733,0
8734,1
8735,0
8736,0
8737,1
8738,1
8739,0
8740,1
8741,0
8742,1
8743,1
8744,0
8745,1
8746,0
8747,0
8748,1
8749,0
8750,0
8751,1
8752,1
8753,1
8754,0
8755,0
8756,0
8757,1
8758,0
8759,0
8760,0
8761,0
8762,1
8763,0
8764,0
8765,1
8766,0
8767,0
8768,0
8769,0
8770,0
8771,0
8772,0
8773,0
8774,1
8775,0
8776,0
8777,0
8778,0
8779,0
8780,1
8781,0
8782,0
8783,1
8784,0
8785,1
8786,0
8787,0
8788,1
8789,0
8790,0
8791,1
8792,0
8793,0
8794,0
8795,0
8796,1
8797,0
8798,1
8799,0
8800,1
8801,1
8802,0
8803,0
8804,0
8805,0
8806,0
8807,0
8808,0
8809,0
8810,0
8811,0
8812,1
8813,0
8814,1
8815,0
8816,1
8817,1
8818,0
8819,0
8820,1
8821,0
8822,0
8823,0
8824,0
8825,0
8826,1
8827,0
8828,0
8829,1
8830,0
8831,0
8832,1
8833,0
8834,0
8835,1
8836,1
8837,1
8838,1
8839,1
8840,1
8841,0
8842,1
8843,0
8844,0
8845,0
8846,0
8847,1
8848,0
8849,0
8850,1
8851,0
8852,0
8853,1
8854,0
8855,0
8856,1
8857,0
8858,0
8859,1
8860,0
8861,0
8862,1
8863,1
8864,1
8865,0
8866,0
8867,0
8868,0
8869,1
8870,0
8871,1
8872,1
8873,0
8874,0
8875,0
8876,0
8877,0
8878,1
8879,0
8880,0
8881,0
8882,1
8883,0
8884,0
8885,0
8886,1
8887,0
8888,1
8889,0
8890,1
8891,0
8892,1
8893,0
8894,0
8895,0
8896,1
8897,0
8898,1
8899,0
8900,0
8901,0
8902,1
8903,1
8904,0
8905,0
8906,0
8907,1
8908,0
8909,0
8910,1
8911,0
8912,0
8913,1
8914,0
8915,1
8916,1
8917,1
8918,1
8919,0
8920,0
8921,1
8922,0
8923,1
8924,0
8925,1
8926,0
8927,0
8928,0
8929,1
8930,0
8931,0
8932,0
8933,0
8934,0
8935,0
8936,0
8937,1
8938,0
8939,1
8940,0
8941,0
8942,0
8943,0
8944,0
8945,0
8946,0
8947,0
8948,1
8949,0
8950,1
8951,1
8952,1
8953,1
8954,0
8955,1
8956,1
8957,0
8958,1
8959,1
8960,0
8961,0
8962,1
8963,0
8964,0
8965,0
8966,0
8967,0
8968,0
8969,0
8970,0
8971,0
8972,1
8973,0
8974,0
8975,0
8976,1
8977,0
8978,0
8979,0
8980,1
8981,0
8982,0
8983,0
8984,0
8985,0
8986,0
8987,0
8988,0
8989,0
8990,0
8991,0
8992,0
8993,1
8994,1
8995,1
8996,1
8997,0
8998,1
8999,0
9000,1
9001,1
9002,0
9003,1
9004,0
9005,1
9006,1
9007,1
9008,1
9009,1
9010,0
9011,0
9012,1
9013,1
9014,0
9015,0
9016,0
9017,1
9018,0
9019,0
9020,0
9021,1
9022,0
9023,1
9024,0
9025,1
9026,0
9027,0
9028,1
9029,1
9030,0
9031,0
9032,1
9033,0
9034,0
9035,1
9036,0
9037,1
9038,1
9039,0
9040,1
9041,1
9042,0
9043,1
9044,0
9045,0
9046,1
9047,0
9048,1
9049,0
9050,1
9051,0
9052,0
9053,0
9054,0
9055,1
9056,1
9057,0
9058,0
9059,0
9060,0
9061,0
9062,0
9063,0
9064,0
9065,0
9066,0
9067,1
9068,0
9069,1
9070,1
9071,0
9072,1
9073,0
9074,0
9075,1
9076,1
9077,1
9078,0
9079,1
9080,1
9081,0
9082,1
9083,0
9084,1
9085,0
9086,0
9087,1
9088,0
9089,0
9090,1
9091,0
9092,0
9093,0
9094,0
9095,1
9096,0
9097,0
9098,0
9099,0
9100,0
9101,1
9102,0
9103,1
9104,1
9105,0
9106,0
9107,0
9108,1
9109,0
9110,1
9111,0
9112,1
9113,0
9114,1
9115,0
9116,0
9117,1
9118,1
9119,0
9120,1
9121,0
9122,1
9123,1
9124,0
9125,0
9126,1
9127,0
9128,0
9129,1
9130,0
9131,0
9132,1
9133,0
9134,1
9135,1
9136,0
9137,1
9138,0
9139,1
9140,1
9141,0
9142,0
9143,0
9144,1
9145,0
9146,0
9147,0
9148,0
9149,0
9150,1
9151,1
9152,0
9153,1
9154,0
9155,1
9156,1
9157,0
9158,1
9159,0
9160,0
9161,0
9162,1
9163,1
9164,0
9165,1
9166,0
9167,1
9168,0
9169,0
9170,0
9171,0
9172,1
9173,0
9174,0
9175,1
9176,0
9177,1
9178,1
9179,0
9180,1
9181,1
9182,1
9183,0
9184,0
9185,1
9186,0
9187,0
9188,0
9189,0
9190,0
9191,1
9192,0
9193,1
9194,1
9195,0
9196,1
9197,0
9198,1
9199,1
9200,0
9201,1
9202,1
9203,0
9204,0
9205,1
9206,0
9207,1
9208,0
9209,0
9210,0
9211,0
9212,1
9213,1
9214,0
9215,1
9216,0
9217,1
9218,0
9219,0
9220,0
9221,0
9222,0
9223,0
9224,0
9225,0
9226,0
9227,0
9228,1
9229,0
9230,1
9231,0
9232,0
9233,1
9234,0
9235,0
9236,1
9237,0
9238,1
9239,0
9240,1
9241,0
9242,0
9243,0
9244,1
9245,0
9246,0
9247,1
9248,0
9249,0
9250,0
9251,1
9252,0
9253,1
9254,1
9255,1
9256,1
9257,0
9258,0
9259,0
9260,1
9261,0
9262,0
9263,0
9264,1
9265,0
9266,0
9267,1
9268,0
9269,0
9270,0
9271,0
9272,0
9273,0
9274,1
9275,0
9276,1
9277,0
9278,1
9279,0
9280,1
9281,1
9282,0
9283,1
9284,0
9285,0
9286,1
9287,0
9288,1
9289,1
9290,0
9291,0
9292,1
9293,0
9294,0
9295,1
9296,0
9297,1
9298,1
9299,1
9300,0
9301,1
9302,0
9303,0
9304,1
9305,0
9306,0
9307,1
9308,0
9309,1
9310,0
9311,1
9312,0
9313,0
9314,0
9315,0
9316,0
9317,0
9318,0
9319,1
9320,0
9321,0
9322,0
9323,1
9324,0
9325,1
9326,0
9327,0
9328,1
9329,0
9330,0
9331,0
9332,0
9333,1
9334,0
9335,0
9336,0
9337,1
9338,1
9339,1
9340,0
9341,1
9342,0
9343,1
9344,0
9345,0
9346,0
9347,0
9348,0
9349,0
9350,0
9351,1
9352,0
9353,0
9354,1
9355,0
9356,1
9357,0
9358,0
9359,1
9360,0
9361,1
9362,1
9363,0
9364,1
9365,0
9366,0
9367,1
9368,0
9369,1
9370,0
9371,0
9372,0
9373,0
9374,0
9375,1
9376,0
9377,1
9378,0
9379,1
9380,0
9381,0
9382,1
9383,0
9384,1
9385,0
9386,0
9387,0
9388,0
9389,0
9390,0
9391,0
9392,0
9393,0
9394,0
9395,0
9396,1
9397,0
9398,0
9399,0
9400,0
9401,0
9402,1
9403,0
9404,1
9405,0
9406,1
9407,0
9408,1
9409,0
9410,0
9411,0
9412,0
9413,0
9414,0
9415,0
9416,1
9417,0
9418,0
9419,0
9420,1
9421,1
9422,1
9423,0
9424,0
9425,0
9426,0
9427,1
9428,0
9429,0
9430,0
9431,0
9432,0
9433,0
9434,0
9435,0
9436,0
9437,1
9438,1
9439,0
9440,1
9441,0
9442,0
9443,0
9444,0
9445,1
9446,1
9447,0
9448,1
9449,0
9450,0
9451,0
9452,1
9453,1
9454,0
9455,0
9456,0
9457,1
9458,1
9459,1
9460,1
9461,0
9462,1
9463,0
9464,0
9465,0
9466,0
9467,0
9468,0
9469,0
9470,0
9471,1
9472,0
9473,1
9474,0
9475,0
9476,0
9477,1
9478,0
9479,0
9480,0
9481,1
9482,0
9483,0
9484,1
9485,1
9486,0
9487,0
9488,0
9489,0
9490,0
9491,0
9492,0
9493,0
9494,0
9495,0
9496,1
9497,1
9498,0
9499,1
9500,0
9501,0
9502,0
9503,0
9504,1
9505,1
9506,0
9507,0
9508,0
9509,1
9510,0
9511,0
9512,0
9513,0
9514,0
9515,1
9516,1
9517,0
9518,0
9519,0
9520,1
9521,0
9522,0
9523,1
9524,0
9525,0
9526,1
9527,0
9528,1
9529,1
9530,0
9531,1
9532,0
9533,0
9534,0
9535,0
9536,0
9537,0
9538,1
9539,0
9540,0
9541,1
9542,1
9543,0
9544,0
9545,0
9546,0
9547,0
9548,0
9549,1
9550,0
9551,0
9552,0
9553,1
9554,0
9555,1
9556,0
9557,0
9558,0
9559,0
9560,0
9561,0
9562,0
9563,0
9564,0
9565,0
9566,1
9567,0
9568,0
9569,0
9570,1
9571,0
9572,0
9573,0
9574,0
9575,0
9576,0
9577,0
9578,0
9579,1
9580,0
9581,0
9582,0
9583,0
9584,0
9585,0
9586,0
9587,0
9588,0
9589,0
9590,0
9591,1
9592,0
9593,1
9594,0
9595,1
9596,0
9597,0
9598,1
9599,0
9600,1
9601,0
9602,0
9603,0
9604,0
9605,0
9606,0
9607,0
9608,0
9609,0
9610,0
9611,0
9612,0
9613,0
9614,0
9615,1
9616,1
9617,0
9618,0
9619,1
9620,0
9621,0
9622,1
9623,0
9624,1
9625,0
9626,0
9627,0
9628,1
9629,0
9630,1
9631,0
9632,0
9633,1
9634,1
9635,0
9636,1
9637,0
9638,0
9639,0
9640,0
9641,1
9642,0
9643,0
9644,1
9645,0
9646,0
9647,0
9648,0
9649,1
9650,1
9651,1
9652,0
9653,0
9654,0
9655,0
9656,1
9657,1
9658,0
9659,1
9660,0
9661,0
9662,0
9663,0
9664,0
9665,1
9666,0
9667,1
9668,0
9669,1
9670,0
9671,0
9672,0
9673,1
9674,0
9675,1
9676,0
9677,0
9678,1
9679,1
9680,0
9681,1
9682,0
9683,0
9684,1
9685,0
9686,1
9687,0
9688,0
9689,1
9690,0
9691,1
9692,0
9693,0
9694,0
9695,0
9696,1
9697,0
9698,0
9699,1
9700,0
9701,0
9702,0
9703,0
9704,0
9705,0
9706,0
9707,1
9708,0
9709,1
9710,1
9711,1
9712,0
9713,0
9714,1
9715,0
9716,1
9717,0
9718,0
9719,0
9720,1
9721,0
9722,1
9723,0
9724,0
9725,0
9726,1
9727,0
9728,0
9729,0
9730,0
9731,0
9732,1
9733,0
9734,1
9735,0
9736,0
9737,0
9738,1
9739,0
9740,1
9741,0
9742,0
9743,0
9744,0
9745,0
9746,1
9747,0
9748,0
9749,1
9750,0
9751,1
9752,0
9753,0
9754,0
9755,0
9756,0
9757,1
9758,0
9759,1
9760,0
9761,0
9762,1
9763,1
9764,0
9765,0
9766,0
9767,0
9768,1
9769,0
9770,0
9771,1
9772,0
9773,1
9774,0
9775,0
9776,0
9777,0
9778,0
9779,1
9780,0
9781,1
9782,0
9783,1
9784,0
9785,0
9786,1
9787,0
9788,0
9789,1
9790,0
9791,0
9792,0
9793,0
9794,0
9795,1
9796,1
9797,1
9798,0
9799,1
9800,0
9801,1
9802,1
9803,0
9804,1
9805,1
9806,1
9807,1
9808,0
9809,0
9810,1
9811,0
9812,1
9813,0
9814,0
9815,1
9816,1
9817,1
9818,0
9819,0
9820,1
9821,1
9822,1
9823,0
9824,1
9825,1
9826,0
9827,1
9828,0
9829,1
9830,0
9831,0
9832,0
9833,1
9834,0
9835,1
9836,0
9837,1
9838,1
9839,0
9840,1
9841,0
9842,0
9843,0
9844,0
9845,0
9846,0
9847,1
9848,1
9849,1
9850,0
9851,1
9852,0
9853,0
9854,1
9855,0
9856,1
9857,0
9858,0
9859,1
9860,1
9861,0
9862,1
9863,1
9864,1
9865,0
9866,0
9867,0
9868,1
9869,0
9870,1
9871,0
9872,0
9873,1
9874,0
9875,0
9876,0
9877,0
9878,1
9879,1
9880,0
9881,1
9882,0
9883,1
9884,1
9885,0
9886,0
9887,1
9888,0
9889,0
9890,0
9891,1
9892,1
9893,0
9894,0
9895,1
9896,0
9897,1
9898,0
9899,0
9900,1
9901,0
9902,0
9903,0
9904,0
9905,0
9906,1
9907,0
9908,1
9909,0
9910,0
9911,1
9912,0
9913,0
9914,0
9915,1
9916,0
9917,1
9918,0
9919,0
9920,1
9921,1
9922,0
9923,0
9924,0
9925,0
9926,0
9927,0
9928,1
9929,1
9930,0
9931,0
9932,0
9933,1
9934,1
9935,0
9936,0
9937,1
9938,0
9939,0
9940,0
9941,1
9942,0
9943,0
9944,1
9945,0
9946,0
9947,0
9948,1
9949,1
9950,0
9951,0
9952,1
9953,0
9954,0
9955,1
9956,0
9957,1
9958,0
9959,0
9960,1
9961,0
9962,0
9963,1
9964,0
9965,1
9966,0
9967,0
9968,0
9969,0
9970,1
9971,0
9972,0
9973,1
9974,0
9975,0
9976,0
9977,0
9978,1
9979,0
9980,1
9981,0
9982,0
9983,1
9984,0
9985,1
9986,0
9987,0
9988,1
9989,0
9990,0
9991,1
9992,0
9993,1
9994,0
9995,1
9996,0
9997,1
9998,0
9999,0
10000,0
10001,0
10002,1
10003,0
10004,0
10005,1
10006,0
10007,0
10008,1
10009,1
10010,0
10011,0
10012,1
10013,0
10014,0
10015,0
10016,0
10017,1
10018,1
10019,0
10020,1
10021,1
10022,0
10023,0
10024,0
10025,0
10026,1
10027,0
10028,0
10029,1
10030,0
10031,1
10032,0
10033,1
10034,0
10035,0
10036,1
10037,0
10038,0
10039,1
10040,0
10041,1
10042,0
10043,0
10044,1
10045,0
10046,1
10047,1
10048,1
10049,0
10050,0
10051,0
10052,0
10053,1
10054,0
10055,0
10056,1
10057,0
10058,1
10059,1
10060,1
10061,1
10062,0
10063,0
10064,0
10065,1
10066,0
10067,1
10068,0
10069,1
10070,1
10071,1
10072,0
10073,1
10074,0
10075,0
10076,0
10077,0
10078,1
10079,1
10080,1
10081,0
10082,0
10083,1
10084,1
10085,0
10086,1
10087,0
10088,1
10089,0
10090,1
10091,1
10092,0
10093,1
10094,0
10095,1
10096,1
10097,1
10098,1
10099,0
10100,0
10101,1
10102,1
10103,0
10104,0
10105,1
10106,0
10107,0
10108,0
10109,0
10110,1
10111,0
10112,0
10113,0
10114,0
10115,0
10116,1
10117,1
10118,1
10119,0
10120,0
10121,0
10122,1
10123,0
10124,0
10125,0
10126,1
10127,0
10128,0
10129,0
10130,0
10131,1
10132,0
10133,0
10134,1
10135,0
10136,0
10137,0
10138,0
10139,0
10140,1
10141,1
10142,0
10143,0
10144,0
10145,1
10146,0
10147,0
10148,1
10149,0
10150,0
10151,0
10152,1
10153,0
10154,1
10155,0
10156,0
10157,1
10158,0
10159,0
10160,0
10161,0
10162,1
10163,1
10164,0
10165,1
10166,0
10167,0
10168,1
10169,1
10170,0
10171,1
10172,0
10173,0
10174,1
10175,0
10176,1
10177,1
10178,0
10179,1
10180,0
10181,0
10182,1
10183,0
10184,0
10185,0
10186,0
10187,0
10188,1
10189,0
10190,1
10191,1
10192,1
10193,1
10194,0
10195,0
10196,0
10197,1
10198,0
10199,1
10200,0
10201,0
10202,0
10203,0
10204,0
10205,0
10206,0
10207,1
10208,0
10209,0
10210,1
10211,1
10212,0
10213,1
10214,0
10215,1
10216,0
10217,0
10218,1
10219,0
10220,0
10221,1
10222,1
10223,0
10224,0
10225,0
10226,0
10227,0
10228,0
10229,0
10230,0
10231,0
10232,1
10233,1
10234,0
10235,1
10236,0
10237,0
10238,0
10239,0
10240,1
10241,0
10242,0
10243,1
10244,0
10245,0
10246,1
10247,1
10248,1
10249,1
10250,0
10251,0
10252,1
10253,0
10254,1
10255,0
10256,0
10257,0
10258,0
10259,1
10260,0
10261,0
10262,1
10263,0
10264,0
10265,1
10266,1
10267,1
10268,0
10269,0
10270,0
10271,0
10272,0
10273,0
10274,1
10275,0
10276,0
10277,0
10278,0
10279,0
10280,0
10281,0
10282,0
10283,0
10284,1
10285,1
10286,0
10287,0
10288,0
10289,0
10290,0
10291,0
10292,1
10293,0
10294,1
10295,0
10296,1
10297,1
10298,0
10299,0
10300,0
10301,0
10302,1
10303,0
10304,0
10305,0
10306,0
10307,0
10308,0
10309,0
10310,0
10311,0
10312,1
10313,0
10314,1
10315,0
10316,0
10317,1
10318,0
10319,0
10320,1
10321,0
10322,1
10323,0
10324,0
10325,1
10326,0
10327,1
10328,0
10329,0
10330,0
10331,1
10332,0
10333,1
10334,0
10335,0
10336,1
10337,1
10338,0
10339,1
10340,0
10341,1
10342,0
10343,1
10344,1
10345,1
10346,1
10347,1
10348,1
10349,0
10350,0
10351,1
10352,0
10353,1
10354,1
10355,0
10356,0
10357,0
10358,0
10359,1
10360,0
10361,0
10362,0
10363,1
10364,0
10365,1
10366,0
10367,1
10368,0
10369,1
10370,1
10371,0
10372,0
10373,0
10374,1
10375,0
10376,0
10377,1
10378,0
10379,0
10380,0
10381,1
10382,1
10383,0
10384,0
10385,1
10386,0
10387,0
10388,0
10389,0
10390,0
10391,1
10392,0
10393,0
10394,0
10395,1
10396,1
10397,1
10398,1
10399,0
10400,1
10401,1
10402,0
10403,0
10404,0
10405,0
10406,0
10407,1
10408,0
10409,1
10410,0
10411,1
10412,1
10413,0
10414,0
10415,1
10416,1
10417,0
10418,0
10419,0
10420,1
10421,0
10422,0
10423,0
10424,0
10425,0
10426,0
10427,0
10428,1
10429,0
10430,1
10431,0
10432,1
10433,1
10434,0
10435,0
10436,1
10437,0
10438,0
10439,1
10440,1
10441,1
10442,1
10443,0
10444,1
10445,1
10446,1
10447,0
10448,1
10449,0
10450,0
10451,1
10452,0
10453,0
10454,1
10455,0
10456,0
10457,0
10458,1
10459,0
10460,0
10461,1
10462,0
10463,1
10464,0
10465,1
10466,0
10467,1
10468,0
10469,0
10470,0
10471,0
10472,0
10473,1
10474,1
10475,1
10476,1
10477,0
10478,1
10479,0
10480,0
10481,1
10482,0
10483,0
10484,0
10485,0
10486,0
10487,0
10488,1
10489,0
10490,0
10491,0
10492,0
10493,1
10494,0
10495,0
10496,0
10497,1
10498,0
10499,0
10500,1
10501,1
10502,0
10503,1
10504,0
10505,0
10506,1
10507,0
10508,0
10509,0
10510,0
10511,1
10512,0
10513,0
10514,0
10515,1
10516,0
10517,0
10518,1
10519,1
10520,0
10521,1
10522,0
10523,0
10524,0
10525,0
10526,0
10527,0
10528,0
10529,0
10530,1
10531,0
10532,0
10533,0
10534,0
10535,1
10536,0
10537,1
10538,1
10539,1
10540,0
10541,1
10542,0
10543,1
10544,0
10545,1
10546,1
10547,0
10548,1
10549,0
10550,1
10551,1
10552,1
10553,0
10554,0
10555,1
10556,0
10557,0
10558,1
10559,0
10560,1
10561,0
10562,1
10563,0
10564,1
10565,0
10566,1
10567,0
10568,1
10569,0
10570,0
10571,0
10572,1
10573,0
10574,1
10575,1
10576,0
10577,0
10578,1
10579,0
10580,1
10581,0
10582,1
10583,0
10584,0
10585,1
10586,0
10587,0
10588,1
10589,0
10590,0
10591,1
10592,0
10593,1
10594,1
10595,0
10596,1
10597,0
10598,1
10599,0
10600,0
10601,0
10602,1
10603,0
10604,0
10605,0
10606,0
10607,0
10608,1
10609,0
10610,1
10611,0
10612,1
10613,0
10614,0
10615,1
10616,1
10617,1
10618,1
10619,0
10620,1
10621,0
10622,0
10623,0
10624,0
10625,0
10626,0
10627,0
10628,0
10629,0
10630,1
10631,0
10632,1
10633,1
10634,0
10635,0
10636,0
10637,0
10638,0
10639,0
10640,1
10641,0
10642,0
10643,0
10644,1
10645,0
10646,0
10647,1
10648,0
10649,1
10650,0
10651,0
10652,1
10653,1
10654,1
10655,0
10656,1
10657,1
10658,0
10659,1
10660,0
10661,0
10662,0
10663,0
10664,0
10665,0
10666,0
10667,0
10668,0
10669,0
10670,1
10671,0
10672,1
10673,0
10674,0
10675,0
10676,0
10677,1
10678,0
10679,0
10680,0
10681,0
10682,1
10683,1
10684,0
10685,1
10686,0
10687,1
10688,1
10689,0
10690,0
10691,1
10692,0
10693,1
10694,0
10695,0
10696,1
10697,0
10698,1
10699,1
10700,0
10701,0
10702,0
10703,1
10704,0
10705,1
10706,0
10707,0
10708,0
10709,0
10710,1
10711,0
10712,1
10713,0
10714,0
10715,0
10716,0
10717,0
10718,1
10719,0
10720,1
10721,1
10722,1
10723,0
10724,0
10725,1
10726,0
10727,1
10728,1
10729,0
10730,1
10731,0
10732,1
10733,1
10734,1
10735,1
10736,0
10737,0
10738,0
10739,0
10740,1
10741,1
10742,0
10743,1
10744,0
10745,0
10746,0
10747,1
10748,1
10749,1
10750,1
10751,1
10752,1
10753,1
10754,1
10755,0
10756,1
10757,0
10758,0
10759,0
10760,1
10761,0
10762,0
10763,0
10764,1
10765,1
10766,0
10767,0
10768,0
10769,0
10770,0
10771,0
10772,1
10773,1
10774,1
10775,1
10776,0
10777,1
10778,0
10779,1
10780,1
10781,0
10782,1
10783,1
10784,0
10785,1
10786,0
10787,1
10788,1
10789,0
10790,1
10791,0
10792,0
10793,0
10794,0
10795,0
10796,1
10797,0
10798,1
10799,0
10800,1
10801,1
10802,1
10803,0
10804,1
10805,1
10806,0
10807,0
10808,0
10809,1
10810,0
10811,0
10812,0
10813,1
10814,0
10815,1
10816,0
10817,1
10818,1
10819,0
10820,1
10821,0
10822,1
10823,0
10824,0
10825,0
10826,0
10827,0
10828,0
10829,0
10830,0
10831,0
10832,1
10833,0
10834,1
10835,1
10836,1
10837,1
10838,1
10839,0
10840,1
10841,0
10842,0
10843,1
10844,0
10845,1
10846,0
10847,0
10848,1
10849,0
10850,0
10851,1
10852,0
10853,1
10854,0
10855,1
10856,0
10857,0
10858,0
10859,1
10860,0
10861,1
10862,0
10863,0
10864,1
10865,1
10866,1
10867,0
10868,0
10869,0
10870,0
10871,1
10872,0
10873,0
10874,0
10875,1
10876,0
10877,0
10878,0
10879,0
10880,0
10881,0
10882,1
10883,0
10884,0
10885,1
10886,1
10887,0
10888,0
10889,0
10890,0
10891,0
10892,1
10893,0
10894,0
10895,0
10896,0
10897,0
10898,1
10899,0
10900,0
10901,0
10902,0
10903,0
10904,1
10905,0
10906,1
10907,1
10908,0
10909,0
10910,1
10911,0
10912,0
10913,0
10914,1
10915,0
10916,0
10917,0
10918,1
10919,0
10920,0
10921,0
10922,1
10923,0
10924,1
10925,0
10926,0
10927,1
10928,0
10929,0
10930,1
10931,0
10932,0
10933,0
10934,0
10935,1
10936,1
10937,0
10938,0
10939,1
10940,0
10941,1
10942,0
10943,0
10944,0
10945,1
10946,1
10947,1
10948,1
10949,1
10950,1
10951,0
10952,0
10953,0
10954,0
10955,0
10956,1
10957,0
10958,1
10959,0
10960,0
10961,1
10962,0
10963,1
10964,0
10965,1
10966,1
10967,0
10968,1
10969,1
10970,1
10971,1
10972,0
10973,0
10974,0
10975,0
10976,1
10977,0
10978,1
10979,1
10980,0
10981,1
10982,0
10983,1
10984,1
10985,1
10986,0
10987,1
10988,0
10989,0
10990,1
10991,1
10992,1
10993,0
10994,0
10995,0
10996,0
10997,0
10998,0
10999,1
11000,0
11001,0
11002,0
11003,1
11004,1
11005,0
11006,0
11007,0
11008,0
11009,0
11010,1
11011,0
11012,1
11013,0
11014,0
11015,0
11016,0
11017,0
11018,0
11019,0
11020,1
11021,1
11022,1
11023,0
11024,0
11025,0
11026,0
11027,0
11028,0
11029,0
11030,0
11031,0
11032,1
11033,0
11034,0
11035,0
11036,0
11037,1
11038,0
11039,1
11040,0
11041,1
11042,1
11043,0
11044,0
11045,0
11046,1
11047,0
11048,1
11049,1
11050,1
11051,1
11052,1
11053,1
11054,0
11055,0
11056,1
11057,0
11058,1
11059,1
11060,0
11061,0
11062,1
11063,0
11064,1
11065,0
11066,0
11067,1
11068,0
11069,0
11070,1
11071,0
11072,0
11073,1
11074,0
11075,1
11076,1
11077,0
11078,0
11079,1
11080,0
11081,1
11082,0
11083,0
11084,1
11085,0
11086,1
11087,0
11088,1
11089,1
11090,0
11091,0
11092,0
11093,0
11094,1
11095,1
11096,0
11097,1
11098,0
11099,0
11100,1
11101,0
11102,1
11103,0
11104,0
11105,0
11106,0
11107,0
11108,0
11109,0
11110,1
11111,1
11112,1
11113,0
11114,1
11115,1
11116,0
11117,1
11118,0
11119,1
11120,0
11121,0
11122,1
11123,0
11124,0
11125,0
11126,0
11127,0
11128,1
11129,1
11130,0
11131,0
11132,0
11133,0
11134,0
11135,0
11136,1
11137,0
11138,1
11139,0
11140,0
11141,0
11142,0
11143,0
11144,0
11145,1
11146,1
11147,1
11148,1
11149,0
11150,1
11151,1
11152,1
11153,0
11154,0
11155,1
11156,0
11157,0
11158,0
11159,1
11160,0
11161,0
11162,1
11163,0
11164,0
11165,0
11166,1
11167,0
11168,0
11169,0
11170,0
11171,1
11172,1
11173,0
11174,0
11175,0
11176,1
11177,0
11178,0
11179,0
11180,1
11181,0
11182,0
11183,0
11184,0
11185,0
11186,0
11187,1
11188,0
11189,1
11190,0
11191,1
11192,0
11193,1
11194,0
11195,1
11196,0
11197,1
11198,1
11199,0
11200,1
11201,0
